"query","significant","p_value","term_size","query_size","intersection_size","precision","recall","term_id","source","term_name","effective_domain_size","source_order","parents"
"query_1",TRUE,1.5995244964975e-42,6535,958,506,0.528183716075157,0.0774292272379495,"GO:0032502","GO:BP","developmental process",20972,7117,"GO:0008150"
"query_1",TRUE,1.5995244964975e-42,5948,958,476,0.496868475991649,0.0800268997982515,"GO:0048856","GO:BP","anatomical structure development",20972,12247,"GO:0032502"
"query_1",TRUE,8.15267844759529e-40,2014,958,234,0.244258872651357,0.116186693147964,"GO:0009888","GO:BP","tissue development",20972,3587,"GO:0048856"
"query_1",TRUE,7.52453093003313e-38,2699,958,276,0.288100208768267,0.102260096331975,"GO:0009653","GO:BP","anatomical structure morphogenesis",20972,3414,"GO:0032502;GO:0048856"
"query_1",TRUE,5.84137933410239e-36,9051,958,610,0.636743215031315,0.067395867859905,"GO:0050896","GO:BP","response to stimulus",20972,12476,"GO:0008150"
"query_1",TRUE,1.71593707189096e-35,4690,958,389,0.406054279749478,0.0829424307036247,"GO:0007275","GO:BP","multicellular organism development",20972,2666,"GO:0032501;GO:0048856"
"query_1",TRUE,4.14366376111464e-35,4023,958,350,0.365344467640919,0.0869997514292816,"GO:0048731","GO:BP","system development",20972,12138,"GO:0007275;GO:0048856"
"query_1",TRUE,2.32202051601444e-34,1532,958,188,0.196242171189979,0.122715404699739,"GO:0016477","GO:BP","cell migration",20972,4977,"GO:0048870"
"query_1",TRUE,1.11813676224685e-33,1234,958,164,0.171189979123173,0.13290113452188,"GO:0060429","GO:BP","epithelium development",20972,13632,"GO:0009888"
"query_1",TRUE,1.19100182764974e-33,1512,958,185,0.193110647181628,0.122354497354497,"GO:0007155","GO:BP","cell adhesion",20972,2585,"GO:0009987"
"query_1",TRUE,2.29942241813319e-32,7337,958,518,0.54070981210856,0.0706010631048112,"GO:0032501","GO:BP","multicellular organismal process",20972,7116,"GO:0008150"
"query_1",TRUE,8.04098121669284e-32,4443,958,365,0.381002087682672,0.0821516993022732,"GO:0030154","GO:BP","cell differentiation",20972,6252,"GO:0048869"
"query_1",TRUE,8.04098121669284e-32,4444,958,365,0.381002087682672,0.0821332133213321,"GO:0048869","GO:BP","cellular developmental process",20972,12259,"GO:0009987;GO:0032502"
"query_1",TRUE,3.92997567109593e-31,1794,958,200,0.208768267223382,0.111482720178372,"GO:0048870","GO:BP","cell motility",20972,12260,"GO:0009987"
"query_1",TRUE,1.60147720631914e-30,1094,958,147,0.153444676409186,0.13436928702011,"GO:0035295","GO:BP","tube development",20972,8374,"GO:0007275;GO:0048856"
"query_1",TRUE,2.86682078072498e-29,7425,958,513,0.535490605427975,0.0690909090909091,"GO:0051716","GO:BP","cellular response to stimulus",20972,12983,"GO:0009987;GO:0050896"
"query_1",TRUE,4.5840343226738e-28,3018,958,272,0.2839248434238,0.0901259111994698,"GO:0048513","GO:BP","animal organ development",20972,11949,"GO:0048856"
"query_1",TRUE,7.17062354753992e-27,877,958,123,0.12839248434238,0.140250855188141,"GO:0035239","GO:BP","tube morphogenesis",20972,8343,"GO:0009653;GO:0035295"
"query_1",TRUE,5.1874707278758e-25,2431,958,228,0.237995824634656,0.0937885643767997,"GO:0050793","GO:BP","regulation of developmental process",20972,12400,"GO:0032502;GO:0050789"
"query_1",TRUE,5.59520785751524e-25,6150,958,436,0.455114822546973,0.0708943089430894,"GO:0048518","GO:BP","positive regulation of biological process",20972,11952,"GO:0008150;GO:0050789"
"query_1",TRUE,6.76784639660569e-25,12804,958,739,0.771398747390397,0.0577163386441737,"GO:0065007","GO:BP","biological regulation",20972,14784,"GO:0008150"
"query_1",TRUE,1.29642356709034e-24,1190,958,143,0.149269311064718,0.120168067226891,"GO:0048646","GO:BP","anatomical structure formation involved in morphogenesis",20972,12055,"GO:0009653;GO:0032502"
"query_1",TRUE,1.71571733118061e-23,5739,958,410,0.427974947807933,0.0714410175988848,"GO:0048522","GO:BP","positive regulation of cellular process",20972,11956,"GO:0009987;GO:0048518;GO:0050794"
"query_1",TRUE,1.7227723440295e-23,745,958,106,0.110647181628392,0.142281879194631,"GO:0030855","GO:BP","epithelial cell differentiation",20972,6491,"GO:0030154;GO:0060429"
"query_1",TRUE,1.7227723440295e-23,944,958,122,0.127348643006263,0.129237288135593,"GO:0030334","GO:BP","regulation of cell migration",20972,6339,"GO:0016477;GO:2000145"
"query_1",TRUE,1.7227723440295e-23,1236,958,144,0.150313152400835,0.116504854368932,"GO:0040011","GO:BP","locomotion",20972,9265,"GO:0008150"
"query_1",TRUE,2.54483723328186e-23,6598,958,453,0.47286012526096,0.0686571688390421,"GO:0007154","GO:BP","cell communication",20972,2584,"GO:0009987"
"query_1",TRUE,2.98390342641109e-23,1135,958,136,0.1419624217119,0.119823788546255,"GO:0072359","GO:BP","circulatory system development",20972,16197,"GO:0048731"
"query_1",TRUE,3.19583695273491e-23,12397,958,717,0.748434237995825,0.0578365733645237,"GO:0050789","GO:BP","regulation of biological process",20972,12397,"GO:0008150;GO:0065007"
"query_1",TRUE,3.53143062309555e-23,1005,958,126,0.131524008350731,0.125373134328358,"GO:2000145","GO:BP","regulation of cell motility",20972,23634,"GO:0040012;GO:0048870;GO:0050794"
"query_1",TRUE,3.9455594372e-23,1046,958,129,0.134655532359081,0.123326959847036,"GO:0040012","GO:BP","regulation of locomotion",20972,9266,"GO:0040011;GO:0050789"
"query_1",TRUE,1.62208520415732e-22,2923,958,251,0.262004175365344,0.0858706808073897,"GO:0051239","GO:BP","regulation of multicellular organismal process",20972,12691,"GO:0032501;GO:0050789"
"query_1",TRUE,1.62208520415732e-22,780,958,107,0.111691022964509,0.137179487179487,"GO:0030155","GO:BP","regulation of cell adhesion",20972,6253,"GO:0007155;GO:0050794"
"query_1",TRUE,1.65994382788496e-22,6558,958,448,0.467640918580376,0.0683135102165294,"GO:0023052","GO:BP","signaling",20972,6205,"GO:0050789"
"query_1",TRUE,9.96610345852365e-22,1639,958,168,0.175365344467641,0.102501525320317,"GO:0042127","GO:BP","regulation of cell population proliferation",20972,9340,"GO:0008283;GO:0050794"
"query_1",TRUE,9.96610345852365e-22,965,958,120,0.125260960334029,0.124352331606218,"GO:0098609","GO:BP","cell-cell adhesion",20972,17570,"GO:0007155"
"query_1",TRUE,1.1755119447214e-21,1961,958,189,0.197286012526096,0.0963793982661907,"GO:0008283","GO:BP","cell population proliferation",20972,3010,"GO:0009987"
"query_1",TRUE,1.1755119447214e-21,6063,958,420,0.438413361169102,0.0692726373082632,"GO:0007165","GO:BP","signal transduction",20972,2595,"GO:0007154;GO:0009987;GO:0023052;GO:0050794;GO:0051716"
"query_1",TRUE,3.34500625401091e-21,2199,958,203,0.211899791231733,0.0923146884947704,"GO:0070887","GO:BP","cellular response to chemical stimulus",20972,15231,"GO:0042221;GO:0051716"
"query_1",TRUE,2.85563238392482e-20,758,958,101,0.105427974947808,0.133245382585752,"GO:0001944","GO:BP","vasculature development",20972,542,"GO:0048731;GO:0072359"
"query_1",TRUE,3.90395589328471e-20,1866,958,179,0.186847599164927,0.0959271168274384,"GO:0141124","GO:BP","intracellular signaling cassette",20972,18783,"GO:0035556"
"query_1",TRUE,5.18223602463624e-20,727,958,98,0.102296450939457,0.134800550206327,"GO:0001568","GO:BP","blood vessel development",20972,341,"GO:0001944;GO:0048856"
"query_1",TRUE,5.56645172065339e-20,829,958,106,0.110647181628392,0.127864897466827,"GO:0034330","GO:BP","cell junction organization",20972,7999,"GO:0016043"
"query_1",TRUE,8.16113274774173e-20,3993,958,304,0.317327766179541,0.0761332331580265,"GO:0048583","GO:BP","regulation of response to stimulus",20972,12005,"GO:0050789;GO:0050896"
"query_1",TRUE,1.7508547335382e-19,816,958,104,0.108559498956159,0.127450980392157,"GO:0030029","GO:BP","actin filament-based process",20972,6218,"GO:0009987"
"query_1",TRUE,2.3223780676794e-19,632,958,89,0.092901878914405,0.140822784810127,"GO:0048514","GO:BP","blood vessel morphogenesis",20972,11950,"GO:0001568;GO:0035239"
"query_1",TRUE,5.76927418109058e-19,3863,958,294,0.306889352818372,0.0761066528604711,"GO:0042221","GO:BP","response to chemical",20972,9400,"GO:0050896"
"query_1",TRUE,4.85651584184279e-18,2963,958,240,0.250521920668058,0.0809989875126561,"GO:0035556","GO:BP","intracellular signal transduction",20972,8505,"GO:0007165"
"query_1",TRUE,6.18401926202615e-18,1958,958,179,0.186847599164927,0.0914198161389173,"GO:0012501","GO:BP","programmed cell death",20972,4356,"GO:0008219"
"query_1",TRUE,7.04202854684994e-18,1467,958,147,0.153444676409186,0.100204498977505,"GO:0009719","GO:BP","response to endogenous stimulus",20972,3457,"GO:0050896"
"query_1",TRUE,7.12559983646042e-18,716,958,93,0.0970772442588727,0.129888268156425,"GO:0030036","GO:BP","actin cytoskeleton organization",20972,6225,"GO:0007010;GO:0030029"
"query_1",TRUE,7.24237738350278e-18,1962,958,179,0.186847599164927,0.0912334352701325,"GO:0008219","GO:BP","cell death",20972,3006,"GO:0009987"
"query_1",TRUE,1.89281974395231e-17,5753,958,389,0.406054279749478,0.0676168955327655,"GO:0048519","GO:BP","negative regulation of biological process",20972,11953,"GO:0008150;GO:0050789"
"query_1",TRUE,2.7480198815145e-17,822,958,100,0.104384133611691,0.121654501216545,"GO:0022603","GO:BP","regulation of anatomical structure morphogenesis",20972,6176,"GO:0009653;GO:0050793"
"query_1",TRUE,2.91209712524669e-17,11962,958,678,0.707724425887265,0.0566794850359472,"GO:0050794","GO:BP","regulation of cellular process",20972,12401,"GO:0009987;GO:0050789"
"query_1",TRUE,2.92154390130992e-17,570,958,80,0.0835073068893528,0.140350877192982,"GO:0009611","GO:BP","response to wounding",20972,3382,"GO:0006950"
"query_1",TRUE,3.50981088401676e-17,1632,958,156,0.162839248434238,0.0955882352941176,"GO:1901700","GO:BP","response to oxygen-containing compound",20972,20237,"GO:0042221"
"query_1",TRUE,7.90169085747609e-17,2842,958,229,0.239039665970772,0.0805770584095707,"GO:0048468","GO:BP","cell development",20972,11920,"GO:0030154;GO:0048856;GO:0048869"
"query_1",TRUE,8.1107796410578e-17,1898,958,172,0.179540709812109,0.0906217070600632,"GO:0006915","GO:BP","apoptotic process",20972,2433,"GO:0012501"
"query_1",TRUE,9.72760144922883e-17,988,958,111,0.115866388308977,0.112348178137652,"GO:0007167","GO:BP","enzyme-linked receptor protein signaling pathway",20972,2597,"GO:0007166"
"query_1",TRUE,9.72760144922883e-17,1392,958,139,0.145093945720251,0.0998563218390805,"GO:2000026","GO:BP","regulation of multicellular organismal development",20972,23538,"GO:0007275;GO:0050793;GO:0051239"
"query_1",TRUE,9.75394530821156e-17,546,958,77,0.0803757828810021,0.141025641025641,"GO:0001525","GO:BP","angiogenesis",20972,318,"GO:0048514;GO:0048646"
"query_1",TRUE,1.27052206734728e-16,501,958,73,0.0762004175365344,0.145708582834331,"GO:0002009","GO:BP","morphogenesis of an epithelium",20972,596,"GO:0048729;GO:0060429"
"query_1",TRUE,1.58902350465282e-16,612,958,82,0.0855949895615866,0.133986928104575,"GO:0048729","GO:BP","tissue morphogenesis",20972,12136,"GO:0009653;GO:0009888"
"query_1",TRUE,1.8871780774273e-16,3480,958,264,0.275574112734864,0.0758620689655172,"GO:0010646","GO:BP","regulation of cell communication",20972,4105,"GO:0007154;GO:0050794"
"query_1",TRUE,2.66304587393516e-16,1305,958,132,0.137787056367432,0.101149425287356,"GO:0051094","GO:BP","positive regulation of developmental process",20972,12612,"GO:0032502;GO:0048518;GO:0050793"
"query_1",TRUE,2.77312554938649e-16,3031,958,238,0.248434237995825,0.0785219399538106,"GO:0009966","GO:BP","regulation of signal transduction",20972,3643,"GO:0007165;GO:0010646;GO:0023051;GO:0048583"
"query_1",TRUE,3.1410163513635e-16,3984,958,291,0.303757828810021,0.0730421686746988,"GO:0006950","GO:BP","response to stress",20972,2451,"GO:0050896"
"query_1",TRUE,4.30863837536678e-16,2834,958,226,0.235908141962422,0.0797459421312632,"GO:0007166","GO:BP","cell surface receptor signaling pathway",20972,2596,"GO:0007165"
"query_1",TRUE,5.09357043903288e-16,205,958,44,0.0459290187891441,0.214634146341463,"GO:0001763","GO:BP","morphogenesis of a branching structure",20972,416,"GO:0009653;GO:0032501"
"query_1",TRUE,1.03502404295814e-15,3473,958,261,0.272442588726514,0.0751511661387849,"GO:0023051","GO:BP","regulation of signaling",20972,6204,"GO:0023052;GO:0050789"
"query_1",TRUE,1.11619743872491e-15,191,958,42,0.0438413361169102,0.219895287958115,"GO:0061138","GO:BP","morphogenesis of a branching epithelium",20972,14186,"GO:0001763;GO:0002009"
"query_1",TRUE,3.01593877762472e-15,1467,958,140,0.146137787056367,0.0954328561690525,"GO:0043067","GO:BP","regulation of programmed cell death",20972,9850,"GO:0012501;GO:0050794"
"query_1",TRUE,3.61077512049391e-15,509,958,71,0.0741127348643006,0.139489194499018,"GO:0034329","GO:BP","cell junction assembly",20972,7998,"GO:0022607;GO:0034330"
"query_1",TRUE,4.06230825212332e-15,2597,958,209,0.218162839248434,0.0804774740084713,"GO:0007399","GO:BP","nervous system development",20972,2762,"GO:0048731"
"query_1",TRUE,4.06230825212332e-15,1628,958,150,0.156576200417537,0.0921375921375921,"GO:0030030","GO:BP","cell projection organization",20972,6219,"GO:0016043"
"query_1",TRUE,4.45218873367323e-15,1444,958,138,0.144050104384134,0.0955678670360111,"GO:0030182","GO:BP","neuron differentiation",20972,6264,"GO:0030154;GO:0048699"
"query_1",TRUE,8.01589980040918e-15,5510,958,366,0.382045929018789,0.0664246823956443,"GO:0048523","GO:BP","negative regulation of cellular process",20972,11957,"GO:0009987;GO:0048519;GO:0050794"
"query_1",TRUE,8.40727816067748e-15,1769,958,158,0.164926931106472,0.0893159977388355,"GO:0022008","GO:BP","neurogenesis",20972,6130,"GO:0007399;GO:0030154"
"query_1",TRUE,9.54162699911974e-15,1582,958,146,0.152400835073069,0.0922882427307206,"GO:0120036","GO:BP","plasma membrane bounded cell projection organization",20972,18205,"GO:0030030"
"query_1",TRUE,9.85793488368692e-15,544,958,73,0.0762004175365344,0.134191176470588,"GO:0030335","GO:BP","positive regulation of cell migration",20972,6340,"GO:0016477;GO:0030334;GO:2000147"
"query_1",TRUE,1.51528213459182e-14,920,958,101,0.105427974947808,0.109782608695652,"GO:0040007","GO:BP","growth",20972,9261,"GO:0008150"
"query_1",TRUE,2.60567843998073e-14,1523,958,141,0.147181628392484,0.09258043335522,"GO:0048699","GO:BP","generation of neurons",20972,12106,"GO:0022008"
"query_1",TRUE,3.93123539755292e-14,571,958,74,0.0772442588726514,0.129597197898424,"GO:2000147","GO:BP","positive regulation of cell motility",20972,23636,"GO:0040017;GO:0048522;GO:0048870;GO:2000145"
"query_1",TRUE,4.46654332469239e-14,1549,958,142,0.148225469728601,0.091672046481601,"GO:0045595","GO:BP","regulation of cell differentiation",20972,10677,"GO:0030154;GO:0050793;GO:0050794"
"query_1",TRUE,4.57451737082969e-14,1534,958,141,0.147181628392484,0.0919165580182529,"GO:0007010","GO:BP","cytoskeleton organization",20972,2489,"GO:0006996"
"query_1",TRUE,4.7155995567064e-14,586,958,75,0.0782881002087683,0.127986348122867,"GO:0040017","GO:BP","positive regulation of locomotion",20972,9271,"GO:0040011;GO:0040012;GO:0048518"
"query_1",TRUE,4.7155995567064e-14,1693,958,151,0.157620041753653,0.0891907855877141,"GO:0048585","GO:BP","negative regulation of response to stimulus",20972,12007,"GO:0048519;GO:0048583;GO:0050896"
"query_1",TRUE,6.16574524070627e-14,349,958,55,0.0574112734864301,0.157593123209169,"GO:0031589","GO:BP","cell-substrate adhesion",20972,6771,"GO:0007155"
"query_1",TRUE,6.1787794491311e-14,998,958,105,0.109603340292276,0.105210420841683,"GO:0000902","GO:BP","cell morphogenesis",20972,230,"GO:0009653"
"query_1",TRUE,1.16860445872177e-13,400,958,59,0.0615866388308977,0.1475,"GO:0008544","GO:BP","epidermis development",20972,3052,"GO:0009888"
"query_1",TRUE,1.3250404657929e-13,333,958,53,0.0553235908141962,0.159159159159159,"GO:0060562","GO:BP","epithelial tube morphogenesis",20972,13736,"GO:0002009;GO:0035239"
"query_1",TRUE,2.45229451604644e-13,1426,958,132,0.137787056367432,0.0925666199158485,"GO:0042981","GO:BP","regulation of apoptotic process",20972,9804,"GO:0006915;GO:0043067"
"query_1",TRUE,2.92882661698151e-13,686,958,81,0.0845511482254697,0.118075801749271,"GO:0008285","GO:BP","negative regulation of cell population proliferation",20972,3012,"GO:0008283;GO:0042127;GO:0048523"
"query_1",TRUE,3.17534951429421e-13,457,958,63,0.0657620041753653,0.137855579868709,"GO:0007015","GO:BP","actin filament organization",20972,2491,"GO:0030036;GO:0097435"
"query_1",TRUE,5.24011589272902e-13,734,958,84,0.0876826722338205,0.114441416893733,"GO:0070848","GO:BP","response to growth factor",20972,15214,"GO:0009719"
"query_1",TRUE,8.74919639799207e-13,852,958,92,0.0960334029227557,0.107981220657277,"GO:0045597","GO:BP","positive regulation of cell differentiation",20972,10679,"GO:0030154;GO:0045595;GO:0048522;GO:0051094"
"query_1",TRUE,1.08688871006779e-12,1238,958,118,0.123173277661795,0.0953150242326333,"GO:0071495","GO:BP","cellular response to endogenous stimulus",20972,15590,"GO:0009719"
"query_1",TRUE,1.3771518641841e-12,1945,958,162,0.169102296450939,0.0832904884318766,"GO:1902531","GO:BP","regulation of intracellular signal transduction",20972,20814,"GO:0009966;GO:0035556"
"query_1",TRUE,1.3771518641841e-12,233,958,42,0.0438413361169102,0.180257510729614,"GO:0007160","GO:BP","cell-matrix adhesion",20972,2590,"GO:0031589"
"query_1",TRUE,3.90904109513734e-12,706,958,80,0.0835073068893528,0.113314447592068,"GO:0071363","GO:BP","cellular response to growth factor stimulus",20972,15479,"GO:0070848;GO:0071495"
"query_1",TRUE,4.37355796294575e-12,1341,958,123,0.12839248434238,0.0917225950782998,"GO:0009968","GO:BP","negative regulation of signal transduction",20972,3645,"GO:0007165;GO:0009966;GO:0010648;GO:0023057;GO:0048585"
"query_1",TRUE,6.15767553063372e-12,331,958,50,0.0521920668058455,0.151057401812689,"GO:0072001","GO:BP","renal system development",20972,15888,"GO:0048731"
"query_1",TRUE,6.2705929867016e-12,2320,958,182,0.189979123173278,0.078448275862069,"GO:0048584","GO:BP","positive regulation of response to stimulus",20972,12006,"GO:0048518;GO:0048583;GO:0050896"
"query_1",TRUE,6.32436357076935e-12,320,958,49,0.0511482254697286,0.153125,"GO:0001822","GO:BP","kidney development",20972,466,"GO:0048513;GO:0072001"
"query_1",TRUE,6.87626659808845e-12,1000,958,100,0.104384133611691,0.1,"GO:0009887","GO:BP","animal organ morphogenesis",20972,3586,"GO:0009653;GO:0048513"
"query_1",TRUE,7.70398708768854e-12,214,958,39,0.0407098121085595,0.182242990654206,"GO:0002064","GO:BP","epithelial cell development",20972,636,"GO:0030855;GO:0048468"
"query_1",TRUE,8.65223574095606e-12,887,958,92,0.0960334029227557,0.103720405862458,"GO:0043069","GO:BP","negative regulation of programmed cell death",20972,9852,"GO:0012501;GO:0043067;GO:0048523"
"query_1",TRUE,1.11416586100339e-11,325,958,49,0.0511482254697286,0.150769230769231,"GO:0043588","GO:BP","skin development",20972,10112,"GO:0048513"
"query_1",TRUE,1.32278109066613e-11,2427,958,187,0.195198329853862,0.07704985578904,"GO:0051128","GO:BP","regulation of cellular component organization",20972,12627,"GO:0016043;GO:0050794"
"query_1",TRUE,1.7454637307059e-11,1091,958,105,0.109603340292276,0.0962419798350137,"GO:0051241","GO:BP","negative regulation of multicellular organismal process",20972,12693,"GO:0032501;GO:0048519;GO:0051239"
"query_1",TRUE,1.77395774941846e-11,1449,958,128,0.133611691022964,0.0883367839889579,"GO:0023057","GO:BP","negative regulation of signaling",20972,6207,"GO:0023051;GO:0023052;GO:0048519"
"query_1",TRUE,1.77395774941846e-11,1449,958,128,0.133611691022964,0.0883367839889579,"GO:0010648","GO:BP","negative regulation of cell communication",20972,4107,"GO:0007154;GO:0010646;GO:0048523"
"query_1",TRUE,1.81295607619084e-11,425,958,57,0.0594989561586639,0.134117647058824,"GO:0048732","GO:BP","gland development",20972,12139,"GO:0048513"
"query_1",TRUE,1.91317724074153e-11,1677,958,142,0.148225469728601,0.0846750149075731,"GO:0042592","GO:BP","homeostatic process",20972,9598,"GO:0008150"
"query_1",TRUE,2.42782608186084e-11,2427,958,186,0.194154488517745,0.0766378244746601,"GO:0009605","GO:BP","response to external stimulus",20972,3376,"GO:0050896"
"query_1",TRUE,3.13890192425301e-11,1194,958,111,0.115866388308977,0.092964824120603,"GO:1901701","GO:BP","cellular response to oxygen-containing compound",20972,20238,"GO:0070887;GO:1901700"
"query_1",TRUE,3.51932444653874e-11,641,958,73,0.0762004175365344,0.113884555382215,"GO:0007169","GO:BP","cell surface receptor protein tyrosine kinase signaling pathway",20972,2599,"GO:0007167"
"query_1",TRUE,3.66026115770903e-11,483,958,61,0.0636743215031315,0.126293995859213,"GO:0045785","GO:BP","positive regulation of cell adhesion",20972,10845,"GO:0007155;GO:0030155;GO:0048522"
"query_1",TRUE,3.70322631688151e-11,5493,958,349,0.364300626304802,0.0635354087019843,"GO:0051179","GO:BP","localization",20972,12665,"GO:0008150"
"query_1",TRUE,5.11445806791497e-11,1569,958,134,0.139874739039666,0.0854047163798598,"GO:0009967","GO:BP","positive regulation of signal transduction",20972,3644,"GO:0007165;GO:0009966;GO:0010647;GO:0023056;GO:0048584"
"query_1",TRUE,6.73419561515609e-11,159,958,32,0.0334029227557411,0.20125786163522,"GO:0048754","GO:BP","branching morphogenesis of an epithelial tube",20972,12155,"GO:0035239;GO:0060562;GO:0061138"
"query_1",TRUE,9.6561140342912e-11,287,958,44,0.0459290187891441,0.153310104529617,"GO:0007162","GO:BP","negative regulation of cell adhesion",20972,2592,"GO:0007155;GO:0030155;GO:0048523"
"query_1",TRUE,1.11755009482076e-10,798,958,83,0.0866388308977036,0.104010025062657,"GO:0097435","GO:BP","supramolecular fiber organization",20972,17431,"GO:0016043"
"query_1",TRUE,1.49732640455445e-10,661,958,73,0.0762004175365344,0.110438729198185,"GO:0048589","GO:BP","developmental growth",20972,12011,"GO:0032502;GO:0040007"
"query_1",TRUE,1.62850324226867e-10,2963,958,213,0.222338204592902,0.0718866014174823,"GO:0065008","GO:BP","regulation of biological quality",20972,14785,"GO:0065007"
"query_1",TRUE,1.71017099208836e-10,292,958,44,0.0459290187891441,0.150684931506849,"GO:0045765","GO:BP","regulation of angiogenesis",20972,10829,"GO:0001525;GO:0022603;GO:1901342"
"query_1",TRUE,1.9321750991673e-10,216,958,37,0.0386221294363257,0.171296296296296,"GO:0045216","GO:BP","cell-cell junction organization",20972,10566,"GO:0034330"
"query_1",TRUE,2.05349961478071e-10,439,958,56,0.058455114822547,0.127562642369021,"GO:0042060","GO:BP","wound healing",20972,9312,"GO:0009611"
"query_1",TRUE,2.46773411337689e-10,1126,958,104,0.108559498956159,0.0923623445825933,"GO:0009790","GO:BP","embryo development",20972,3517,"GO:0007275"
"query_1",TRUE,2.50829145283271e-10,493,958,60,0.0626304801670146,0.121703853955375,"GO:0022407","GO:BP","regulation of cell-cell adhesion",20972,6164,"GO:0030155;GO:0098609"
"query_1",TRUE,2.50829145283271e-10,493,958,60,0.0626304801670146,0.121703853955375,"GO:0007264","GO:BP","small GTPase-mediated signal transduction",20972,2656,"GO:0141124"
"query_1",TRUE,2.6510349182485e-10,240,958,39,0.0407098121085595,0.1625,"GO:0009636","GO:BP","response to toxic substance",20972,3397,"GO:0042221"
"query_1",TRUE,2.80759612723228e-10,198,958,35,0.0365344467640919,0.176767676767677,"GO:0030323","GO:BP","respiratory tube development",20972,6332,"GO:0035295;GO:0048513"
"query_1",TRUE,3.27752894659082e-10,590,958,67,0.069937369519833,0.113559322033898,"GO:0040008","GO:BP","regulation of growth",20972,9262,"GO:0040007;GO:0050789"
"query_1",TRUE,3.38428907038057e-10,1010,958,96,0.100208768267223,0.0950495049504951,"GO:0031175","GO:BP","neuron projection development",20972,6636,"GO:0048666;GO:0120036"
"query_1",TRUE,3.59845507101428e-10,299,958,44,0.0459290187891441,0.147157190635452,"GO:1901342","GO:BP","regulation of vasculature development",20972,20013,"GO:0001944;GO:2000026"
"query_1",TRUE,4.47560007879451e-10,880,958,87,0.0908141962421712,0.0988636363636364,"GO:0033993","GO:BP","response to lipid",20972,7811,"GO:0042221"
"query_1",TRUE,4.60727867036684e-10,1108,958,102,0.106471816283925,0.092057761732852,"GO:1902533","GO:BP","positive regulation of intracellular signal transduction",20972,20816,"GO:0009967;GO:0035556;GO:1902531"
"query_1",TRUE,6.19906225483795e-10,856,958,85,0.0887265135699374,0.0992990654205607,"GO:0043066","GO:BP","negative regulation of apoptotic process",20972,9849,"GO:0006915;GO:0042981;GO:0043069"
"query_1",TRUE,6.75926774841865e-10,2401,958,179,0.186847599164927,0.0745522698875469,"GO:0008104","GO:BP","intracellular protein localization",20972,2983,"GO:0033036"
"query_1",TRUE,6.83344488305229e-10,194,958,34,0.0354906054279749,0.175257731958763,"GO:0030324","GO:BP","lung development",20972,6333,"GO:0030323;GO:0048513;GO:0060541"
"query_1",TRUE,7.44621690215079e-10,904,958,88,0.0918580375782881,0.0973451327433628,"GO:0009725","GO:BP","response to hormone",20972,3463,"GO:0009719;GO:0042221"
"query_1",TRUE,8.42835982542808e-10,1167,958,105,0.109603340292276,0.089974293059126,"GO:0048666","GO:BP","neuron development",20972,12075,"GO:0030182;GO:0048468"
"query_1",TRUE,8.94387620138369e-10,228,958,37,0.0386221294363257,0.162280701754386,"GO:0043542","GO:BP","endothelial cell migration",20972,10079,"GO:0016477"
"query_1",TRUE,9.29561675358145e-10,308,958,44,0.0459290187891441,0.142857142857143,"GO:2000146","GO:BP","negative regulation of cell motility",20972,23635,"GO:0040013;GO:0048523;GO:0048870;GO:2000145"
"query_1",TRUE,1.02065050262844e-09,93,958,23,0.0240083507306889,0.247311827956989,"GO:0007044","GO:BP","cell-substrate junction assembly",20972,2515,"GO:0034329;GO:0150115"
"query_1",TRUE,1.35991512344695e-09,4370,958,284,0.296450939457203,0.0649885583524027,"GO:0006810","GO:BP","transport",20972,2362,"GO:0051234"
"query_1",TRUE,1.43680738367845e-09,916,958,88,0.0918580375782881,0.0960698689956332,"GO:0051093","GO:BP","negative regulation of developmental process",20972,12611,"GO:0032502;GO:0048519;GO:0050793"
"query_1",TRUE,1.45086912860431e-09,221,958,36,0.0375782881002088,0.16289592760181,"GO:0060541","GO:BP","respiratory system development",20972,13725,"GO:0048731"
"query_1",TRUE,1.54969427784588e-09,325,958,45,0.046972860125261,0.138461538461538,"GO:0040013","GO:BP","negative regulation of locomotion",20972,9267,"GO:0040011;GO:0040012;GO:0048519"
"query_1",TRUE,1.57053246091928e-09,933,958,89,0.092901878914405,0.0953912111468382,"GO:0000122","GO:BP","negative regulation of transcription by RNA polymerase II",20972,47,"GO:0006357;GO:0006366;GO:0045892"
"query_1",TRUE,1.81978387671557e-09,212,958,35,0.0365344467640919,0.165094339622642,"GO:0010810","GO:BP","regulation of cell-substrate adhesion",20972,4216,"GO:0030155;GO:0031589"
"query_1",TRUE,2.27561781240488e-09,293,958,42,0.0438413361169102,0.143344709897611,"GO:0030336","GO:BP","negative regulation of cell migration",20972,6341,"GO:0016477;GO:0030334;GO:2000146"
"query_1",TRUE,2.38425060427554e-09,591,958,65,0.0678496868475992,0.109983079526227,"GO:0007507","GO:BP","heart development",20972,2857,"GO:0048513;GO:0072359"
"query_1",TRUE,2.38425060427554e-09,152,958,29,0.0302713987473904,0.190789473684211,"GO:0072073","GO:BP","kidney epithelium development",20972,15953,"GO:0001822;GO:0060429"
"query_1",TRUE,2.61962674284345e-09,749,958,76,0.0793319415448852,0.101468624833111,"GO:0000165","GO:BP","MAPK cascade",20972,54,"GO:0141124"
"query_1",TRUE,4.06006687477969e-09,1914,958,148,0.154488517745303,0.077324973876698,"GO:0032879","GO:BP","regulation of localization",20972,7364,"GO:0050789;GO:0051179"
"query_1",TRUE,4.12820892672473e-09,1778,958,140,0.146137787056367,0.078740157480315,"GO:0010647","GO:BP","positive regulation of cell communication",20972,4106,"GO:0007154;GO:0010646;GO:0048522"
"query_1",TRUE,4.25406023446571e-09,241,958,37,0.0386221294363257,0.153526970954357,"GO:0001667","GO:BP","ameboidal-type cell migration",20972,365,"GO:0016477"
"query_1",TRUE,4.57241345355803e-09,100,958,23,0.0240083507306889,0.23,"GO:0150115","GO:BP","cell-substrate junction organization",20972,18893,"GO:0034330"
"query_1",TRUE,4.88533940314732e-09,137,958,27,0.0281837160751566,0.197080291970803,"GO:0044409","GO:BP","symbiont entry into host",20972,10285,"GO:0051701"
"query_1",TRUE,5.15195302870707e-09,157,958,29,0.0302713987473904,0.184713375796178,"GO:0007043","GO:BP","cell-cell junction assembly",20972,2514,"GO:0034329;GO:0045216"
"query_1",TRUE,5.29426123895389e-09,243,958,37,0.0386221294363257,0.152263374485597,"GO:0045444","GO:BP","fat cell differentiation",20972,10608,"GO:0030154"
"query_1",TRUE,6.67859294040756e-09,1639,958,131,0.136743215031315,0.0799267846247712,"GO:0051240","GO:BP","positive regulation of multicellular organismal process",20972,12692,"GO:0032501;GO:0048518;GO:0051239"
"query_1",TRUE,6.71181848496193e-09,120,958,25,0.0260960334029228,0.208333333333333,"GO:0001952","GO:BP","regulation of cell-matrix adhesion",20972,548,"GO:0007160;GO:0010810"
"query_1",TRUE,7.85440748097585e-09,623,958,66,0.0688935281837161,0.105939004815409,"GO:0048598","GO:BP","embryonic morphogenesis",20972,12016,"GO:0009653;GO:0009790"
"query_1",TRUE,7.85440748097585e-09,1779,958,139,0.145093945720251,0.0781337830241709,"GO:0023056","GO:BP","positive regulation of signaling",20972,6206,"GO:0023051;GO:0023052;GO:0048518"
"query_1",TRUE,8.22717724146025e-09,638,958,67,0.069937369519833,0.105015673981191,"GO:0043408","GO:BP","regulation of MAPK cascade",20972,10005,"GO:0000165;GO:1902531"
"query_1",TRUE,9.12775449465174e-09,460,958,54,0.0563674321503132,0.117391304347826,"GO:0016055","GO:BP","Wnt signaling pathway",20972,4845,"GO:0007166"
"query_1",TRUE,9.36163072852537e-09,124,644,30,0.046583850931677,0.241935483870968,"REAC:R-HSA-381426","REAC","Regulation of Insulin-like Growth Factor (IGF) transport and uptake by Insulin-like Growth Factor Binding Proteins (IGFBPs)",11056,2061,"REAC:R-HSA-392499"
"query_1",TRUE,9.36163072852537e-09,107,644,28,0.0434782608695652,0.261682242990654,"REAC:R-HSA-8957275","REAC","Post-translational protein phosphorylation",11056,1850,"REAC:R-HSA-597592"
"query_1",TRUE,9.56974453571579e-09,612,958,65,0.0678496868475992,0.106209150326797,"GO:0097190","GO:BP","apoptotic signaling pathway",20972,17313,"GO:0006915;GO:0007165"
"query_1",TRUE,1.03084678314483e-08,132,958,26,0.0271398747390397,0.196969696969697,"GO:0046718","GO:BP","symbiont entry into host cell",20972,11501,"GO:0019058;GO:0044409"
"query_1",TRUE,1.23454648011147e-08,163,958,29,0.0302713987473904,0.177914110429448,"GO:0045766","GO:BP","positive regulation of angiogenesis",20972,10830,"GO:0001525;GO:0045765;GO:1904018"
"query_1",TRUE,1.28500076301033e-08,2876,958,200,0.208768267223382,0.0695410292072323,"GO:0033036","GO:BP","macromolecule localization",20972,7480,"GO:0051179"
"query_1",TRUE,1.43189150162952e-08,134,958,26,0.0271398747390397,0.194029850746269,"GO:0003158","GO:BP","endothelium development",20972,1531,"GO:0060429"
"query_1",TRUE,1.47680891763021e-08,264,958,38,0.0396659707724426,0.143939393939394,"GO:0071559","GO:BP","response to transforming growth factor beta",20972,15621,"GO:0070848"
"query_1",TRUE,1.76517427086137e-08,107,958,23,0.0240083507306889,0.214953271028037,"GO:0010717","GO:BP","regulation of epithelial to mesenchymal transition",20972,4149,"GO:0001837;GO:0045595"
"query_1",TRUE,2.17691908184678e-08,167,958,29,0.0302713987473904,0.173652694610778,"GO:1904018","GO:BP","positive regulation of vasculature development",20972,21809,"GO:0001944;GO:0051094;GO:0051240;GO:1901342"
"query_1",TRUE,2.1965171034741e-08,923,958,85,0.0887265135699374,0.0920910075839653,"GO:0008284","GO:BP","positive regulation of cell population proliferation",20972,3011,"GO:0008283;GO:0042127;GO:0048522"
"query_1",TRUE,2.21922616262629e-08,82,958,20,0.0208768267223382,0.24390243902439,"GO:0048041","GO:BP","focal adhesion assembly",20972,11637,"GO:0007044;GO:0007160"
"query_1",TRUE,2.2291815422963e-08,513,958,57,0.0594989561586639,0.111111111111111,"GO:0061564","GO:BP","axon development",20972,14471,"GO:0031175"
"query_1",TRUE,2.72288099277285e-08,45,958,15,0.0156576200417537,0.333333333333333,"GO:0060428","GO:BP","lung epithelium development",20972,13631,"GO:0030324;GO:0060429"
"query_1",TRUE,2.84108294291084e-08,435,958,51,0.0532359081419624,0.117241379310345,"GO:0050673","GO:BP","epithelial cell proliferation",20972,12348,"GO:0008283"
"query_1",TRUE,3.05532036452385e-08,3410,958,227,0.236951983298539,0.0665689149560117,"GO:0009893","GO:BP","positive regulation of metabolic process",20972,3592,"GO:0008152;GO:0019222;GO:0048522"
"query_1",TRUE,3.82215024141811e-08,53,958,16,0.0167014613778706,0.30188679245283,"GO:0060688","GO:BP","regulation of morphogenesis of a branching structure",20972,13833,"GO:0001763;GO:0022603;GO:0051239"
"query_1",TRUE,3.91132093985647e-08,1108,958,96,0.100208768267223,0.0866425992779783,"GO:0009628","GO:BP","response to abiotic stimulus",20972,3392,"GO:0050896"
"query_1",TRUE,4.80261642086217e-08,1574,958,124,0.129436325678497,0.0787801778907243,"GO:0051246","GO:BP","regulation of protein metabolic process",20972,12695,"GO:0019538;GO:0060255;GO:0080090"
"query_1",TRUE,5.78749184063303e-08,774,958,74,0.0772442588726514,0.0956072351421189,"GO:0050790","GO:BP","regulation of catalytic activity",20972,12398,"GO:0065009"
"query_1",TRUE,6.13845019610898e-08,254,958,36,0.0375782881002088,0.141732283464567,"GO:0009913","GO:BP","epidermal cell differentiation",20972,3608,"GO:0008544;GO:0030855"
"query_1",TRUE,6.16345705648748e-08,114,958,23,0.0240083507306889,0.201754385964912,"GO:0002065","GO:BP","columnar/cuboidal epithelial cell differentiation",20972,637,"GO:0030855"
"query_1",TRUE,6.64445426216234e-08,702,958,69,0.0720250521920668,0.0982905982905983,"GO:0051174","GO:BP","regulation of phosphorus metabolic process",20972,12663,"GO:0006793;GO:0019222"
"query_1",TRUE,7.17776391108909e-08,176,958,29,0.0302713987473904,0.164772727272727,"GO:0051701","GO:BP","biological process involved in interaction with host",20972,12975,"GO:0044403"
"query_1",TRUE,7.40286645860305e-08,29,958,12,0.0125260960334029,0.413793103448276,"GO:0060479","GO:BP","lung cell differentiation",20972,13678,"GO:0030154;GO:0030324"
"query_1",TRUE,7.40286645860305e-08,29,958,12,0.0125260960334029,0.413793103448276,"GO:0060487","GO:BP","lung epithelial cell differentiation",20972,13686,"GO:0030855;GO:0060428;GO:0060479"
"query_1",TRUE,7.92513338595023e-08,560,958,59,0.0615866388308977,0.105357142857143,"GO:0042325","GO:BP","regulation of phosphorylation",20972,9444,"GO:0016310;GO:0051174"
"query_1",TRUE,8.17765020522852e-08,257,958,36,0.0375782881002088,0.140077821011673,"GO:0071560","GO:BP","cellular response to transforming growth factor beta stimulus",20972,15622,"GO:0071363;GO:0071559"
"query_1",TRUE,9.23820879695375e-08,107,958,22,0.022964509394572,0.205607476635514,"GO:0022612","GO:BP","gland morphogenesis",20972,6184,"GO:0009887;GO:0048732"
"query_1",TRUE,9.42864325170378e-08,1275,958,105,0.109603340292276,0.0823529411764706,"GO:0045892","GO:BP","negative regulation of DNA-templated transcription",20972,10915,"GO:0006351;GO:0006355;GO:1902679"
"query_1",TRUE,9.64500929385268e-08,235,958,34,0.0354906054279749,0.14468085106383,"GO:0060560","GO:BP","developmental growth involved in morphogenesis",20972,13734,"GO:0009653;GO:0048589"
"query_1",TRUE,1.00757520142047e-07,147,958,26,0.0271398747390397,0.17687074829932,"GO:0001890","GO:BP","placenta development",20972,503,"GO:0048513"
"query_1",TRUE,1.0905436682935e-07,158,958,27,0.0281837160751566,0.170886075949367,"GO:0030856","GO:BP","regulation of epithelial cell differentiation",20972,6492,"GO:0030855;GO:0045595;GO:2000026"
"query_1",TRUE,1.10224933491087e-07,36,958,13,0.0135699373695198,0.361111111111111,"GO:0003382","GO:BP","epithelial cell morphogenesis",20972,1722,"GO:0000902;GO:0002064"
"query_1",TRUE,1.13471227051262e-07,169,958,28,0.0292275574112735,0.165680473372781,"GO:0010594","GO:BP","regulation of endothelial cell migration",20972,4056,"GO:0030334;GO:0043542"
"query_1",TRUE,1.16562753540718e-07,2645,958,183,0.191022964509395,0.069187145557656,"GO:0009891","GO:BP","positive regulation of biosynthetic process",20972,3590,"GO:0009058;GO:0009889;GO:0009893"
"query_1",TRUE,1.22075128868923e-07,669,958,66,0.0688935281837161,0.0986547085201794,"GO:0048858","GO:BP","cell projection morphogenesis",20972,12249,"GO:0000902;GO:0009653;GO:0030030"
"query_1",TRUE,1.32474701563543e-07,1284,958,105,0.109603340292276,0.0817757009345794,"GO:1902679","GO:BP","negative regulation of RNA biosynthetic process",20972,20894,"GO:0010558;GO:0032774;GO:0051253;GO:2001141"
"query_1",TRUE,1.74398563429381e-07,951,958,84,0.0876826722338205,0.0883280757097792,"GO:0048878","GO:BP","chemical homeostasis",20972,12266,"GO:0042592"
"query_1",TRUE,1.84896105106354e-07,162,958,27,0.0281837160751566,0.166666666666667,"GO:0061572","GO:BP","actin filament bundle organization",20972,14475,"GO:0007015"
"query_1",TRUE,1.99619688598758e-07,648,958,64,0.0668058455114822,0.0987654320987654,"GO:0048812","GO:BP","neuron projection morphogenesis",20972,12207,"GO:0031175;GO:0120039"
"query_1",TRUE,2.12582500938613e-07,664,958,65,0.0678496868475992,0.0978915662650602,"GO:0120039","GO:BP","plasma membrane bounded cell projection morphogenesis",20972,18206,"GO:0048858"
"query_1",TRUE,2.12582500938613e-07,112,958,22,0.022964509394572,0.196428571428571,"GO:0045446","GO:BP","endothelial cell differentiation",20972,10610,"GO:0003158;GO:0030855"
"query_1",TRUE,2.20590393374656e-07,356,958,43,0.0448851774530271,0.120786516853933,"GO:0050678","GO:BP","regulation of epithelial cell proliferation",20972,12353,"GO:0042127;GO:0050673"
"query_1",TRUE,2.20899605803281e-07,450,958,50,0.0521920668058455,0.111111111111111,"GO:0043410","GO:BP","positive regulation of MAPK cascade",20972,10007,"GO:0000165;GO:0043408;GO:1902533"
"query_1",TRUE,2.8192414128409e-07,4804,958,294,0.306889352818372,0.0611990008326395,"GO:0051234","GO:BP","establishment of localization",20972,12687,"GO:0051179"
"query_1",TRUE,3.31267092733357e-07,569,958,58,0.0605427974947808,0.101933216168717,"GO:0051248","GO:BP","negative regulation of protein metabolic process",20972,12697,"GO:0010605;GO:0019538;GO:0051246"
"query_1",TRUE,3.7135809186574e-07,600,958,60,0.0626304801670146,0.1,"GO:0071396","GO:BP","cellular response to lipid",20972,15512,"GO:0033993;GO:0070887"
"query_1",TRUE,3.83352766804711e-07,190,958,29,0.0302713987473904,0.152631578947368,"GO:0044403","GO:BP","biological process involved in symbiotic interaction",20972,10282,"GO:0044419"
"query_1",TRUE,4.26638423593562e-07,79,958,18,0.0187891440501044,0.227848101265823,"GO:0043297","GO:BP","apical junction assembly",20972,9936,"GO:0007043"
"query_1",TRUE,4.53525630276147e-07,137,958,24,0.0250521920668058,0.175182481751825,"GO:0030048","GO:BP","actin filament-based movement",20972,6232,"GO:0030029"
"query_1",TRUE,4.68832539336769e-07,263,958,35,0.0365344467640919,0.133079847908745,"GO:0003007","GO:BP","heart morphogenesis",20972,1409,"GO:0007507;GO:0009887"
"query_1",TRUE,4.76820212533837e-07,1070,958,90,0.0939457202505219,0.0841121495327103,"GO:0065009","GO:BP","regulation of molecular function",20972,14786,"GO:0065007"
"query_1",TRUE,4.81082088606072e-07,148,958,25,0.0260960334029228,0.168918918918919,"GO:0035148","GO:BP","tube formation",20972,8269,"GO:0035239;GO:0048646"
"query_1",TRUE,4.92682875555645e-07,504,958,53,0.0553235908141962,0.10515873015873,"GO:0001932","GO:BP","regulation of protein phosphorylation",20972,533,"GO:0006468;GO:0031399;GO:0042325"
"query_1",TRUE,4.92682875555645e-07,159,958,26,0.0271398747390397,0.163522012578616,"GO:0072006","GO:BP","nephron development",20972,15893,"GO:0001822;GO:0048856"
"query_1",TRUE,4.92682875555645e-07,159,958,26,0.0271398747390397,0.163522012578616,"GO:0051017","GO:BP","actin filament bundle assembly",20972,12571,"GO:0022607;GO:0061572"
"query_1",TRUE,5.17814319162153e-07,252,958,34,0.0354906054279749,0.134920634920635,"GO:0048762","GO:BP","mesenchymal cell differentiation",20972,12163,"GO:0030154;GO:0060485"
"query_1",TRUE,5.30214621873589e-07,277,958,36,0.0375782881002088,0.129963898916967,"GO:0051336","GO:BP","regulation of hydrolase activity",20972,12761,"GO:0050790"
"query_1",TRUE,5.38863878671138e-07,149,958,25,0.0260960334029228,0.167785234899329,"GO:0098754","GO:BP","detoxification",20972,17633,"GO:0008150;GO:0009636"
"query_1",TRUE,5.54695559297406e-07,171,958,27,0.0281837160751566,0.157894736842105,"GO:0001837","GO:BP","epithelial to mesenchymal transition",20972,481,"GO:0048762"
"query_1",TRUE,5.64317966076599e-07,1091,958,91,0.0949895615866388,0.0834097158570119,"GO:0051130","GO:BP","positive regulation of cellular component organization",20972,12629,"GO:0016043;GO:0048522;GO:0051128"
"query_1",TRUE,5.8006895400594e-07,114,644,26,0.0403726708074534,0.228070175438596,"REAC:R-HSA-446728","REAC","Cell junction organization",11056,341,"REAC:R-HSA-1500931"
"query_1",TRUE,5.95016441525419e-07,291,958,37,0.0386221294363257,0.127147766323024,"GO:0061448","GO:BP","connective tissue development",20972,14398,"GO:0009888"
"query_1",TRUE,6.09308243899413e-07,639,958,62,0.0647181628392484,0.0970266040688576,"GO:0031344","GO:BP","regulation of cell projection organization",20972,6679,"GO:0030030;GO:0051128"
"query_1",TRUE,6.55646691366368e-07,839,958,75,0.0782881002087683,0.0893921334922527,"GO:0048871","GO:BP","multicellular organismal-level homeostasis",20972,12261,"GO:0032501;GO:0042592"
"query_1",TRUE,6.6500826952322e-07,331,958,40,0.0417536534446764,0.120845921450151,"GO:0030111","GO:BP","regulation of Wnt signaling pathway",20972,6246,"GO:0009966;GO:0016055"
"query_1",TRUE,6.82050399782886e-07,150,644,30,0.046583850931677,0.2,"REAC:R-HSA-1500931","REAC","Cell-Cell communication",11056,345,"REAC:0000000"
"query_1",TRUE,7.57845709221716e-07,673,958,64,0.0668058455114822,0.0950965824665676,"GO:0061061","GO:BP","muscle structure development",20972,14123,"GO:0048856"
"query_1",TRUE,7.8626246067137e-07,152,958,25,0.0260960334029228,0.164473684210526,"GO:0016331","GO:BP","morphogenesis of embryonic epithelium",20972,4955,"GO:0002009;GO:0048598"
"query_1",TRUE,8.48394343610591e-07,233,958,32,0.0334029227557411,0.137339055793991,"GO:0097191","GO:BP","extrinsic apoptotic signaling pathway",20972,17314,"GO:0007166;GO:0097190"
"query_1",TRUE,8.87583646028056e-07,59,644,18,0.0279503105590062,0.305084745762712,"REAC:R-HSA-3000171","REAC","Non-integrin membrane-ECM interactions",11056,1667,"REAC:R-HSA-1474244"
"query_1",TRUE,8.9074146063276e-07,258,958,34,0.0354906054279749,0.131782945736434,"GO:1901888","GO:BP","regulation of cell junction assembly",20972,20377,"GO:0034329;GO:0044087;GO:0051128"
"query_1",TRUE,9.02136213762406e-07,941,958,81,0.0845511482254697,0.0860786397449522,"GO:1901698","GO:BP","response to nitrogen compound",20972,20235,"GO:0042221"
"query_1",TRUE,9.95437477816924e-07,1389,958,108,0.112734864300626,0.0777537796976242,"GO:0051253","GO:BP","negative regulation of RNA metabolic process",20972,12702,"GO:0010605;GO:0016070;GO:0045934;GO:0051252"
"query_1",TRUE,1.10247042724563e-06,561,958,56,0.058455114822547,0.0998217468805704,"GO:0050808","GO:BP","synapse organization",20972,12413,"GO:0034330"
"query_1",TRUE,1.11067246510828e-06,123,958,22,0.022964509394572,0.178861788617886,"GO:0072009","GO:BP","nephron epithelium development",20972,15896,"GO:0072006;GO:0072073"
"query_1",TRUE,1.11527275758809e-06,5215,958,311,0.324634655532359,0.0596356663470757,"GO:0080090","GO:BP","regulation of primary metabolic process",20972,16617,"GO:0019222;GO:0044238"
"query_1",TRUE,1.20823827350272e-06,134,958,23,0.0240083507306889,0.171641791044776,"GO:0007266","GO:BP","Rho protein signal transduction",20972,2658,"GO:0007264"
"query_1",TRUE,1.2562192471614e-06,300,958,37,0.0386221294363257,0.123333333333333,"GO:0070371","GO:BP","ERK1 and ERK2 cascade",20972,14975,"GO:0000165"
"query_1",TRUE,1.2562192471614e-06,30,958,11,0.011482254697286,0.366666666666667,"GO:0060441","GO:BP","epithelial tube branching involved in lung morphogenesis",20972,13644,"GO:0048754;GO:0060425"
"query_1",TRUE,1.3551205168843e-06,478,958,50,0.0521920668058455,0.104602510460251,"GO:0016049","GO:BP","cell growth",20972,4839,"GO:0009987;GO:0040007"
"query_1",TRUE,1.43019382973809e-06,95,958,19,0.0198329853862213,0.2,"GO:0098869","GO:BP","cellular oxidant detoxification",20972,17680,"GO:1990748"
"query_1",TRUE,1.45176176997794e-06,368,958,42,0.0438413361169102,0.114130434782609,"GO:0007178","GO:BP","cell surface receptor protein serine/threonine kinase signaling pathway",20972,2605,"GO:0007167"
"query_1",TRUE,1.46760320800388e-06,302,958,37,0.0386221294363257,0.122516556291391,"GO:0048608","GO:BP","reproductive structure development",20972,12020,"GO:0003006;GO:0048856;GO:0061458"
"query_1",TRUE,1.56376817010248e-06,424,958,46,0.0480167014613779,0.108490566037736,"GO:0001503","GO:BP","ossification",20972,308,"GO:0032501"
"query_1",TRUE,1.6052863215698e-06,859,958,75,0.0782881002087683,0.0873108265424913,"GO:0032880","GO:BP","regulation of protein localization",20972,7365,"GO:0008104;GO:0032879"
"query_1",TRUE,1.65246126183717e-06,228,958,31,0.0323590814196242,0.135964912280702,"GO:2001234","GO:BP","negative regulation of apoptotic signaling pathway",20972,24475,"GO:0009968;GO:0043066;GO:0097190;GO:2001233"
"query_1",TRUE,1.71785887739978e-06,584,958,57,0.0594989561586639,0.0976027397260274,"GO:0048667","GO:BP","cell morphogenesis involved in neuron differentiation",20972,12076,"GO:0000902;GO:0048666"
"query_1",TRUE,1.97800655318574e-06,97,958,19,0.0198329853862213,0.195876288659794,"GO:0090132","GO:BP","epithelium migration",20972,16851,"GO:0090130"
"query_1",TRUE,2.0015276247289e-06,319,958,38,0.0396659707724426,0.119122257053292,"GO:0060485","GO:BP","mesenchyme development",20972,13684,"GO:0009888;GO:0048513"
"query_1",TRUE,2.01176508731437e-06,306,958,37,0.0386221294363257,0.120915032679739,"GO:0061458","GO:BP","reproductive system development",20972,14405,"GO:0048731"
"query_1",TRUE,2.21280963554452e-06,2538,958,171,0.178496868475992,0.0673758865248227,"GO:0010557","GO:BP","positive regulation of macromolecule biosynthetic process",20972,4024,"GO:0009059;GO:0009891;GO:0010556;GO:0010604"
"query_1",TRUE,2.30433505952269e-06,154,539,30,0.0556586270871985,0.194805194805195,"KEGG:04518","KEGG","Integrin signaling",8716,327,"KEGG:00000"
"query_1",TRUE,2.30433505952269e-06,169,539,32,0.0593692022263451,0.189349112426035,"KEGG:04530","KEGG","Tight junction",8716,330,"KEGG:00000"
"query_1",TRUE,2.30477502903416e-06,118,958,21,0.0219206680584551,0.177966101694915,"GO:0007229","GO:BP","integrin-mediated signaling pathway",20972,2644,"GO:0007166"
"query_1",TRUE,2.30477502903416e-06,98,958,19,0.0198329853862213,0.193877551020408,"GO:0060993","GO:BP","kidney morphogenesis",20972,14066,"GO:0001822;GO:0009887"
"query_1",TRUE,2.69577190137047e-06,71,958,16,0.0167014613778706,0.225352112676056,"GO:0070830","GO:BP","bicellular tight junction assembly",20972,15201,"GO:0043297;GO:0120192"
"query_1",TRUE,2.69859412575317e-06,197,958,28,0.0292275574112735,0.142131979695431,"GO:0022408","GO:BP","negative regulation of cell-cell adhesion",20972,6165,"GO:0007162;GO:0022407;GO:0098609"
"query_1",TRUE,2.7504823840367e-06,310,958,37,0.0386221294363257,0.119354838709677,"GO:0060070","GO:BP","canonical Wnt signaling pathway",20972,13352,"GO:0016055"
"query_1",TRUE,2.8377785721908e-06,130,958,22,0.022964509394572,0.169230769230769,"GO:0097237","GO:BP","cellular response to toxic substance",20972,17331,"GO:0009636;GO:0070887"
"query_1",TRUE,2.8377785721908e-06,669,958,62,0.0647181628392484,0.0926756352765321,"GO:0043009","GO:BP","chordate embryonic development",20972,9816,"GO:0009792"
"query_1",TRUE,3.10849356929215e-06,748,958,67,0.069937369519833,0.089572192513369,"GO:0031399","GO:BP","regulation of protein modification process",20972,6699,"GO:0036211;GO:0051246"
"query_1",TRUE,3.22544852097257e-06,1237,958,97,0.10125260960334,0.0784155214227971,"GO:0045944","GO:BP","positive regulation of transcription by RNA polymerase II",20972,10958,"GO:0006357;GO:0006366;GO:0045893"
"query_1",TRUE,3.23215638585945e-06,687,958,63,0.0657620041753653,0.091703056768559,"GO:0009792","GO:BP","embryo development ending in birth or egg hatching",20972,3519,"GO:0009790"
"query_1",TRUE,3.44249890930961e-06,236,958,31,0.0323590814196242,0.13135593220339,"GO:0001649","GO:BP","osteoblast differentiation",20972,354,"GO:0001503;GO:0030154"
"query_1",TRUE,3.46551575923354e-06,121,958,21,0.0219206680584551,0.173553719008264,"GO:1990748","GO:BP","cellular detoxification",20972,23423,"GO:0009987;GO:0097237;GO:0098754"
"query_1",TRUE,3.50920061963094e-06,958,958,80,0.0835073068893528,0.0835073068893528,"GO:0098657","GO:BP","import into cell",20972,17578,"GO:0006810"
"query_1",TRUE,3.54964695782579e-06,395,958,43,0.0448851774530271,0.108860759493671,"GO:0010562","GO:BP","positive regulation of phosphorus metabolic process",20972,4029,"GO:0006793;GO:0009893;GO:0051174"
"query_1",TRUE,3.54964695782579e-06,395,958,43,0.0448851774530271,0.108860759493671,"GO:0045937","GO:BP","positive regulation of phosphate metabolic process",20972,10952,"GO:0006796;GO:0010562"
"query_1",TRUE,3.5955632153418e-06,93,539,22,0.0408163265306122,0.236559139784946,"KEGG:04520","KEGG","Adherens junction",8716,329,"KEGG:00000"
"query_1",TRUE,3.70071243604941e-06,452,958,47,0.0490605427974948,0.103982300884956,"GO:0007409","GO:BP","axonogenesis",20972,2769,"GO:0048667;GO:0048812;GO:0061564"
"query_1",TRUE,3.93045704970981e-06,213,958,29,0.0302713987473904,0.136150234741784,"GO:0051216","GO:BP","cartilage development",20972,12677,"GO:0001501;GO:0048513;GO:0061448"
"query_1",TRUE,4.01978722901871e-06,302,958,36,0.0375782881002088,0.119205298013245,"GO:0051056","GO:BP","regulation of small GTPase mediated signal transduction",20972,12595,"GO:0007264;GO:1902531"
"query_1",TRUE,4.02578580604763e-06,56,958,14,0.0146137787056367,0.25,"GO:0060425","GO:BP","lung morphogenesis",20972,13628,"GO:0009887;GO:0030324"
"query_1",TRUE,4.12048926036914e-06,1694,958,123,0.12839248434238,0.0726092089728453,"GO:0044281","GO:BP","small molecule metabolic process",20972,10246,"GO:0008152"
"query_1",TRUE,4.29367631413237e-06,190,958,27,0.0281837160751566,0.142105263157895,"GO:0033002","GO:BP","muscle cell proliferation",20972,7457,"GO:0008283"
"query_1",TRUE,4.44467954000403e-06,694,958,63,0.0657620041753653,0.0907780979827089,"GO:0006897","GO:BP","endocytosis",20972,2420,"GO:0016192;GO:0098657"
"query_1",TRUE,4.46284722699761e-06,3573,958,224,0.233820459290188,0.0626924153372516,"GO:0006996","GO:BP","organelle organization",20972,2478,"GO:0016043"
"query_1",TRUE,4.62047545887926e-06,202,539,34,0.0630797773654917,0.168316831683168,"KEGG:04510","KEGG","Focal adhesion",8716,323,"KEGG:00000"
"query_1",TRUE,4.62047545887926e-06,155,539,29,0.0538033395176252,0.187096774193548,"KEGG:04514","KEGG","Cell adhesion molecule (CAM) interaction",8716,325,"KEGG:00000"
"query_1",TRUE,4.83804872474302e-06,103,958,19,0.0198329853862213,0.184466019417476,"GO:0090130","GO:BP","tissue migration",20972,16849,"GO:0032501"
"query_1",TRUE,4.83804872474302e-06,665,958,61,0.0636743215031315,0.0917293233082707,"GO:0045596","GO:BP","negative regulation of cell differentiation",20972,10678,"GO:0030154;GO:0045595;GO:0048523;GO:0051093"
"query_1",TRUE,4.91056463493014e-06,345,958,39,0.0407098121085595,0.11304347826087,"GO:0141091","GO:BP","transforming growth factor beta receptor superfamily signaling pathway",20972,18772,"GO:0007178"
"query_1",TRUE,4.92852030000461e-06,457,958,47,0.0490605427974948,0.102844638949672,"GO:0048568","GO:BP","embryonic organ development",20972,11991,"GO:0009790;GO:0048513"
"query_1",TRUE,5.3859851619462e-06,306,958,36,0.0375782881002088,0.117647058823529,"GO:0048638","GO:BP","regulation of developmental growth",20972,12047,"GO:0040008;GO:0048589;GO:0050793"
"query_1",TRUE,5.39323424095553e-06,298,644,43,0.0667701863354037,0.144295302013423,"REAC:R-HSA-1474244","REAC","Extracellular matrix organization",11056,930,"REAC:0000000"
"query_1",TRUE,5.39323424095553e-06,2570,644,209,0.324534161490683,0.0813229571984436,"REAC:R-HSA-162582","REAC","Signal Transduction",11056,2309,"REAC:0000000"
"query_1",TRUE,5.46553004441056e-06,374,958,41,0.0427974947807933,0.109625668449198,"GO:0006979","GO:BP","response to oxidative stress",20972,2471,"GO:0006950"
"query_1",TRUE,5.53291905956635e-06,94,958,18,0.0187891440501044,0.191489361702128,"GO:0010631","GO:BP","epithelial cell migration",20972,4090,"GO:0001667;GO:0090132"
"query_1",TRUE,5.81162848326677e-06,623,958,58,0.0605427974947808,0.0930979133226324,"GO:0120035","GO:BP","regulation of plasma membrane bounded cell projection organization",20972,18204,"GO:0031344;GO:0120036"
"query_1",TRUE,5.81315302764812e-06,255,958,32,0.0334029227557411,0.125490196078431,"GO:0060828","GO:BP","regulation of canonical Wnt signaling pathway",20972,13934,"GO:0030111;GO:0060070"
"query_1",TRUE,5.84543034545571e-06,136,958,22,0.022964509394572,0.161764705882353,"GO:0072175","GO:BP","epithelial tube formation",20972,16046,"GO:0035148;GO:0060562"
"query_1",TRUE,5.84543034545571e-06,136,958,22,0.022964509394572,0.161764705882353,"GO:0002040","GO:BP","sprouting angiogenesis",20972,623,"GO:0001525"
"query_1",TRUE,6.18025202395951e-06,376,958,41,0.0427974947807933,0.109042553191489,"GO:2001233","GO:BP","regulation of apoptotic signaling pathway",20972,24474,"GO:0009966;GO:0042981;GO:0097190"
"query_1",TRUE,6.41517121621379e-06,2196,958,150,0.156576200417537,0.0683060109289618,"GO:0006796","GO:BP","phosphate-containing compound metabolic process",20972,2354,"GO:0006793"
"query_1",TRUE,6.94317499204692e-06,2199,958,150,0.156576200417537,0.0682128240109141,"GO:0006793","GO:BP","phosphorus metabolic process",20972,2351,"GO:0008152"
"query_1",TRUE,7.22110887527189e-06,86,958,17,0.0177453027139875,0.197674418604651,"GO:0001892","GO:BP","embryonic placenta development",20972,504,"GO:0001701;GO:0001890;GO:0048568"
"query_1",TRUE,7.41918779930019e-06,421,958,44,0.0459290187891441,0.104513064133017,"GO:0060537","GO:BP","muscle tissue development",20972,13721,"GO:0009888"
"query_1",TRUE,7.79396726587281e-06,77,958,16,0.0167014613778706,0.207792207792208,"GO:0120192","GO:BP","tight junction assembly",20972,18285,"GO:0007043;GO:0120193"
"query_1",TRUE,8.73165341014229e-06,97,958,18,0.0187891440501044,0.185567010309278,"GO:0097306","GO:BP","cellular response to alcohol",20972,17364,"GO:0097305;GO:1901701"
"query_1",TRUE,9.04938710006264e-06,1510,958,111,0.115866388308977,0.0735099337748344,"GO:0045934","GO:BP","negative regulation of nucleobase-containing compound metabolic process",20972,10950,"GO:0006139;GO:0009892;GO:0019219"
"query_1",TRUE,1.01058399403957e-05,1672,958,120,0.125260960334029,0.0717703349282297,"GO:0045893","GO:BP","positive regulation of DNA-templated transcription",20972,10916,"GO:0006351;GO:0006355;GO:1902680"
"query_1",TRUE,1.07152061874631e-05,1674,958,120,0.125260960334029,0.0716845878136201,"GO:1902680","GO:BP","positive regulation of RNA biosynthetic process",20972,20895,"GO:0010557;GO:0032774;GO:0051254;GO:2001141"
"query_1",TRUE,1.1694521415498e-05,891,958,74,0.0772442588726514,0.0830527497194164,"GO:0071345","GO:BP","cellular response to cytokine stimulus",20972,15461,"GO:0034097"
"query_1",TRUE,1.18549268232369e-05,37,958,11,0.011482254697286,0.297297297297297,"GO:0035633","GO:BP","maintenance of blood-brain barrier",20972,8539,"GO:0001894"
"query_1",TRUE,1.20404900816961e-05,1572,958,114,0.118997912317328,0.0725190839694656,"GO:0016192","GO:BP","vesicle-mediated transport",20972,4920,"GO:0006810;GO:0009987"
"query_1",TRUE,1.23010138849846e-05,1024,958,82,0.0855949895615866,0.080078125,"GO:0003006","GO:BP","developmental process involved in reproduction",20972,1408,"GO:0022414;GO:0032502"
"query_1",TRUE,1.25479871871118e-05,226,958,29,0.0302713987473904,0.128318584070796,"GO:0007163","GO:BP","establishment or maintenance of cell polarity",20972,2593,"GO:0009987"
"query_1",TRUE,1.30760254248835e-05,80,958,16,0.0167014613778706,0.2,"GO:0014812","GO:BP","muscle cell migration",20972,4474,"GO:0016477"
"query_1",TRUE,1.3504216142145e-05,388,958,41,0.0427974947807933,0.105670103092784,"GO:0042692","GO:BP","muscle cell differentiation",20972,9648,"GO:0030154;GO:0061061"
"query_1",TRUE,1.43497401743348e-05,306,958,35,0.0365344467640919,0.11437908496732,"GO:0043491","GO:BP","phosphatidylinositol 3-kinase/protein kinase B signal transduction",20972,10057,"GO:0141124"
"query_1",TRUE,1.46171559957349e-05,979,958,79,0.0824634655532359,0.0806945863125638,"GO:0034097","GO:BP","response to cytokine",20972,7846,"GO:1901652"
"query_1",TRUE,1.52265060158976e-05,241,958,30,0.0313152400835073,0.12448132780083,"GO:0022604","GO:BP","regulation of cell morphogenesis",20972,6177,"GO:0000902;GO:0022603"
"query_1",TRUE,1.52497753804878e-05,3152,958,199,0.207724425887265,0.0631345177664975,"GO:0010604","GO:BP","positive regulation of macromolecule metabolic process",20972,4065,"GO:0009893;GO:0043170;GO:0060255"
"query_1",TRUE,1.52936183062401e-05,307,958,35,0.0365344467640919,0.11400651465798,"GO:0030198","GO:BP","extracellular matrix organization",20972,6272,"GO:0043062;GO:0045229"
"query_1",TRUE,1.52936183062401e-05,133,958,21,0.0219206680584551,0.157894736842105,"GO:0050680","GO:BP","negative regulation of epithelial cell proliferation",20972,12355,"GO:0008285;GO:0050673;GO:0050678"
"query_1",TRUE,1.52936183062401e-05,133,958,21,0.0219206680584551,0.157894736842105,"GO:0045598","GO:BP","regulation of fat cell differentiation",20972,10680,"GO:0045444;GO:0045595"
"query_1",TRUE,1.54703959078694e-05,87,644,20,0.031055900621118,0.229885057471264,"REAC:R-HSA-421270","REAC","Cell-cell junction organization",11056,346,"REAC:R-HSA-446728"
"query_1",TRUE,1.60153068051571e-05,335,958,37,0.0386221294363257,0.11044776119403,"GO:0042327","GO:BP","positive regulation of phosphorylation",20972,9446,"GO:0016310;GO:0042325;GO:0045937"
"query_1",TRUE,1.6320597333774e-05,308,958,35,0.0365344467640919,0.113636363636364,"GO:0043062","GO:BP","extracellular structure organization",20972,9846,"GO:0016043"
"query_1",TRUE,1.71741539134877e-05,134,958,21,0.0219206680584551,0.156716417910448,"GO:0030879","GO:BP","mammary gland development",20972,6502,"GO:0048732"
"query_1",TRUE,1.71741539134877e-05,123,958,20,0.0208768267223382,0.16260162601626,"GO:0001838","GO:BP","embryonic epithelial tube formation",20972,482,"GO:0016331;GO:0072175"
"query_1",TRUE,1.74528690214031e-05,309,958,35,0.0365344467640919,0.113268608414239,"GO:0045229","GO:BP","external encapsulating structure organization",20972,10571,"GO:0016043"
"query_1",TRUE,1.74691054068991e-05,205,958,27,0.0281837160751566,0.131707317073171,"GO:1901654","GO:BP","response to ketone",20972,20211,"GO:1901700"
"query_1",TRUE,1.81087037210915e-05,92,958,17,0.0177453027139875,0.184782608695652,"GO:0001656","GO:BP","metanephros development",20972,357,"GO:0001822"
"query_1",TRUE,1.92504369471796e-05,55,958,13,0.0135699373695198,0.236363636363636,"GO:0001954","GO:BP","positive regulation of cell-matrix adhesion",20972,550,"GO:0001952;GO:0007160;GO:0010811"
"query_1",TRUE,2.04131704050229e-05,271,958,32,0.0334029227557411,0.118081180811808,"GO:0001894","GO:BP","tissue homeostasis",20972,506,"GO:0048871;GO:0060249"
"query_1",TRUE,2.04131704050229e-05,271,958,32,0.0334029227557411,0.118081180811808,"GO:0060249","GO:BP","anatomical structure homeostasis",20972,13481,"GO:0048871"
"query_1",TRUE,2.0437982491714e-05,27,644,11,0.0170807453416149,0.407407407407407,"REAC:R-HSA-3000170","REAC","Syndecan interactions",11056,2464,"REAC:R-HSA-3000171"
"query_1",TRUE,2.08669966356953e-05,207,958,27,0.0281837160751566,0.130434782608696,"GO:0007179","GO:BP","transforming growth factor beta receptor signaling pathway",20972,2606,"GO:0071560;GO:0141091"
"query_1",TRUE,2.09056164025375e-05,1592,958,114,0.118997912317328,0.071608040201005,"GO:0022414","GO:BP","reproductive process",20972,6171,"GO:0008150"
"query_1",TRUE,2.17476532564826e-05,125,958,20,0.0208768267223382,0.16,"GO:0048660","GO:BP","regulation of smooth muscle cell proliferation",20972,12069,"GO:0042127;GO:0048659"
"query_1",TRUE,2.37621783418511e-05,355,958,38,0.0396659707724426,0.107042253521127,"GO:0044092","GO:BP","negative regulation of molecular function",20972,10217,"GO:0065009"
"query_1",TRUE,2.39372181523411e-05,993,958,79,0.0824634655532359,0.0795568982880161,"GO:1901652","GO:BP","response to peptide",20972,20209,"GO:0042221"
"query_1",TRUE,2.3982537208724e-05,65,958,14,0.0146137787056367,0.215384615384615,"GO:0010632","GO:BP","regulation of epithelial cell migration",20972,4091,"GO:0010631;GO:0030334;GO:0051239"
"query_1",TRUE,2.3982537208724e-05,137,958,21,0.0219206680584551,0.153284671532847,"GO:0008360","GO:BP","regulation of cell shape",20972,3039,"GO:0022604;GO:0065008"
"query_1",TRUE,2.44353096765195e-05,314,958,35,0.0365344467640919,0.111464968152866,"GO:0019216","GO:BP","regulation of lipid metabolic process",20972,5271,"GO:0006629;GO:0080090"
"query_1",TRUE,2.51175536160296e-05,413,958,42,0.0438413361169102,0.101694915254237,"GO:0007159","GO:BP","leukocyte cell-cell adhesion",20972,2589,"GO:0098609"
"query_1",TRUE,2.56886536212364e-05,399,958,41,0.0427974947807933,0.102756892230576,"GO:0014706","GO:BP","striated muscle tissue development",20972,4426,"GO:0060537"
"query_1",TRUE,2.71871146648381e-05,1566,958,112,0.116910229645094,0.0715197956577267,"GO:0051049","GO:BP","regulation of transport",20972,12588,"GO:0006810;GO:0032879"
"query_1",TRUE,2.80722703008961e-05,85,958,16,0.0167014613778706,0.188235294117647,"GO:0120193","GO:BP","tight junction organization",20972,18286,"GO:0045216"
"query_1",TRUE,2.84037053147794e-05,66,958,14,0.0146137787056367,0.212121212121212,"GO:0001885","GO:BP","endothelial cell development",20972,499,"GO:0002064;GO:0045446"
"query_1",TRUE,2.84037053147794e-05,66,958,14,0.0146137787056367,0.212121212121212,"GO:0014909","GO:BP","smooth muscle cell migration",20972,4551,"GO:0014812"
"query_1",TRUE,2.84037053147794e-05,626,958,56,0.058455114822547,0.0894568690095847,"GO:0055082","GO:BP","intracellular chemical homeostasis",20972,13260,"GO:0019725;GO:0048878"
"query_1",TRUE,2.84037053147794e-05,66,958,14,0.0146137787056367,0.212121212121212,"GO:1905330","GO:BP","regulation of morphogenesis of an epithelium",20972,22773,"GO:0002009;GO:0022603"
"query_1",TRUE,2.87185023554201e-05,580,958,53,0.0553235908141962,0.0913793103448276,"GO:0044283","GO:BP","small molecule biosynthetic process",20972,10248,"GO:0009058;GO:0044281"
"query_1",TRUE,2.89330996573255e-05,276,958,32,0.0334029227557411,0.115942028985507,"GO:0070372","GO:BP","regulation of ERK1 and ERK2 cascade",20972,14976,"GO:0043408;GO:0070371"
"query_1",TRUE,3.01317044475715e-05,290,958,33,0.034446764091858,0.113793103448276,"GO:0019058","GO:BP","viral life cycle",20972,5234,"GO:0016032"
"query_1",TRUE,3.03759548121173e-05,128,958,20,0.0208768267223382,0.15625,"GO:0048659","GO:BP","smooth muscle cell proliferation",20972,12068,"GO:0033002"
"query_1",TRUE,3.19818725991348e-05,346,958,37,0.0386221294363257,0.106936416184971,"GO:0021700","GO:BP","developmental maturation",20972,5875,"GO:0032502"
"query_1",TRUE,3.37068323368042e-05,107,958,18,0.0187891440501044,0.168224299065421,"GO:0010595","GO:BP","positive regulation of endothelial cell migration",20972,4057,"GO:0010594;GO:0030335;GO:0043542"
"query_1",TRUE,3.4604153666338e-05,538,958,50,0.0521920668058455,0.0929368029739777,"GO:0001501","GO:BP","skeletal system development",20972,306,"GO:0048731"
"query_1",TRUE,3.4604153666338e-05,615,958,55,0.0574112734864301,0.0894308943089431,"GO:0030031","GO:BP","cell projection assembly",20972,6220,"GO:0022607;GO:0030030"
"query_1",TRUE,3.50796981721276e-05,449,644,54,0.0838509316770186,0.120267260579065,"REAC:R-HSA-9012999","REAC","RHO GTPase cycle",11056,1920,"REAC:R-HSA-194315"
"query_1",TRUE,3.73787389358474e-05,214,958,27,0.0281837160751566,0.126168224299065,"GO:0009612","GO:BP","response to mechanical stimulus",20972,3383,"GO:0009605;GO:0009628"
"query_1",TRUE,3.80742195536582e-05,34,958,10,0.0104384133611691,0.294117647058824,"GO:0010464","GO:BP","regulation of mesenchymal cell proliferation",20972,3974,"GO:0010463;GO:0042127"
"query_1",TRUE,3.8415908432861e-05,177,958,24,0.0250521920668058,0.135593220338983,"GO:0030216","GO:BP","keratinocyte differentiation",20972,6285,"GO:0009913;GO:0043588"
"query_1",TRUE,3.8846248427705e-05,602,958,54,0.0563674321503132,0.0897009966777409,"GO:0120031","GO:BP","plasma membrane bounded cell projection assembly",20972,18200,"GO:0030031;GO:0120036"
"query_1",TRUE,3.89469035859169e-05,50,958,12,0.0125260960334029,0.24,"GO:0035272","GO:BP","exocrine system development",20972,8357,"GO:0048731"
"query_1",TRUE,3.90117435770433e-05,2913,958,184,0.192066805845511,0.0631651218674906,"GO:0002376","GO:BP","immune system process",20972,867,"GO:0008150"
"query_1",TRUE,3.95349076071907e-05,681,958,59,0.0615866388308977,0.0866372980910426,"GO:1902532","GO:BP","negative regulation of intracellular signal transduction",20972,20815,"GO:0009968;GO:0035556;GO:1902531"
"query_1",TRUE,4.01611030638121e-05,1369,958,100,0.104384133611691,0.0730460189919649,"GO:0006629","GO:BP","lipid metabolic process",20972,2220,"GO:0044238"
"query_1",TRUE,4.15023043663088e-05,1077,958,83,0.0866388308977036,0.0770659238625813,"GO:0016310","GO:BP","phosphorylation",20972,4946,"GO:0006796"
"query_1",TRUE,4.20879402084429e-05,527,958,49,0.0511482254697286,0.0929791271347249,"GO:0043068","GO:BP","positive regulation of programmed cell death",20972,9851,"GO:0012501;GO:0043067;GO:0048522"
"query_1",TRUE,4.8923166028797e-05,192,958,25,0.0260960334029228,0.130208333333333,"GO:0051897","GO:BP","positive regulation of phosphatidylinositol 3-kinase/protein kinase B signal transduction",20972,13049,"GO:0043491;GO:0051896;GO:1902533"
"query_1",TRUE,4.90269171540257e-05,121,958,19,0.0198329853862213,0.15702479338843,"GO:0043534","GO:BP","blood vessel endothelial cell migration",20972,10075,"GO:0043542"
"query_1",TRUE,4.90654696642403e-05,353,958,37,0.0386221294363257,0.104815864022663,"GO:0043549","GO:BP","regulation of kinase activity",20972,10083,"GO:0042325;GO:0051338"
"query_1",TRUE,4.90654696642403e-05,396,958,40,0.0417536534446764,0.101010101010101,"GO:0009410","GO:BP","response to xenobiotic stimulus",20972,3319,"GO:0042221"
"query_1",TRUE,4.93092285583616e-05,35,958,10,0.0104384133611691,0.285714285714286,"GO:0071398","GO:BP","cellular response to fatty acid",20972,15514,"GO:0070542;GO:0071396;GO:1901701"
"query_1",TRUE,5.33387440353283e-05,100,958,17,0.0177453027139875,0.17,"GO:0032355","GO:BP","response to estradiol",20972,7026,"GO:0033993;GO:1901700"
"query_1",TRUE,5.33387440353283e-05,100,958,17,0.0177453027139875,0.17,"GO:0072080","GO:BP","nephron tubule development",20972,15960,"GO:0061326;GO:0072009"
"query_1",TRUE,5.47151595381032e-05,122,958,19,0.0198329853862213,0.155737704918033,"GO:0010811","GO:BP","positive regulation of cell-substrate adhesion",20972,4217,"GO:0010810;GO:0031589;GO:0045785"
"query_1",TRUE,5.50798901196862e-05,457,958,44,0.0459290187891441,0.0962800875273523,"GO:0043434","GO:BP","response to peptide hormone",20972,10018,"GO:0009725;GO:1901698;GO:1901700"
"query_1",TRUE,5.74030976796487e-05,738,958,62,0.0647181628392484,0.0840108401084011,"GO:0019725","GO:BP","cellular homeostasis",20972,5617,"GO:0042592"
"query_1",TRUE,5.88359999134753e-05,61,958,13,0.0135699373695198,0.213114754098361,"GO:0090109","GO:BP","regulation of cell-substrate junction assembly",20972,16834,"GO:0007044;GO:0150116;GO:1901888"
"query_1",TRUE,5.88359999134753e-05,61,958,13,0.0135699373695198,0.213114754098361,"GO:0051893","GO:BP","regulation of focal adhesion assembly",20972,13045,"GO:0001952;GO:0048041;GO:0090109"
"query_1",TRUE,5.92064721668658e-05,342,958,36,0.0375782881002088,0.105263157894737,"GO:0031346","GO:BP","positive regulation of cell projection organization",20972,6681,"GO:0030030;GO:0031344;GO:0051130"
"query_1",TRUE,5.94181924473916e-05,328,958,35,0.0365344467640919,0.106707317073171,"GO:0022409","GO:BP","positive regulation of cell-cell adhesion",20972,6166,"GO:0022407;GO:0045785;GO:0098609"
"query_1",TRUE,5.96678513006621e-05,233,958,28,0.0292275574112735,0.120171673819742,"GO:0043086","GO:BP","negative regulation of catalytic activity",20972,9855,"GO:0044092;GO:0050790"
"query_1",TRUE,5.99701967546413e-05,101,958,17,0.0177453027139875,0.168316831683168,"GO:0048009","GO:BP","insulin-like growth factor receptor signaling pathway",20972,11621,"GO:0007169"
"query_1",TRUE,6.04147313042109e-05,1123,958,85,0.0887265135699374,0.0756901157613535,"GO:0001775","GO:BP","cell activation",20972,427,"GO:0009987;GO:0032501"
"query_1",TRUE,6.1762317228892e-05,676,958,58,0.0605427974947808,0.0857988165680473,"GO:1901699","GO:BP","cellular response to nitrogen compound",20972,20236,"GO:0070887;GO:1901698"
"query_1",TRUE,6.30720991899339e-05,36,958,10,0.0104384133611691,0.277777777777778,"GO:0002504","GO:BP","antigen processing and presentation of peptide or polysaccharide antigen via MHC class II",20972,985,"GO:0019882"
"query_1",TRUE,6.65937954476946e-05,873,958,70,0.0730688935281837,0.0801832760595647,"GO:0006954","GO:BP","inflammatory response",20972,2454,"GO:0006952"
"query_1",TRUE,6.66912646045717e-05,171,958,23,0.0240083507306889,0.134502923976608,"GO:1902905","GO:BP","positive regulation of supramolecular fiber organization",20972,21053,"GO:0051130;GO:0097435;GO:1902903"
"query_1",TRUE,6.83614650075888e-05,522,958,48,0.0501043841336117,0.0919540229885057,"GO:0002683","GO:BP","negative regulation of immune system process",20972,1155,"GO:0002376;GO:0002682;GO:0048519"
"query_1",TRUE,7.14876840810699e-05,317,958,34,0.0354906054279749,0.107255520504732,"GO:0070482","GO:BP","response to oxygen levels",20972,15030,"GO:0009628"
"query_1",TRUE,7.32673727234316e-05,249,958,29,0.0302713987473904,0.116465863453815,"GO:0010001","GO:BP","glial cell differentiation",20972,3660,"GO:0030154;GO:0042063"
"query_1",TRUE,7.50535050579266e-05,290,958,32,0.0334029227557411,0.110344827586207,"GO:0036293","GO:BP","response to decreased oxygen levels",20972,8921,"GO:0070482"
"query_1",TRUE,7.5270406961345e-05,72,958,14,0.0146137787056367,0.194444444444444,"GO:0045669","GO:BP","positive regulation of osteoblast differentiation",20972,10751,"GO:0001649;GO:0045597;GO:0045667"
"query_1",TRUE,7.6008001762289e-05,82,958,15,0.0156576200417537,0.182926829268293,"GO:2000027","GO:BP","regulation of animal organ morphogenesis",20972,23539,"GO:0009887;GO:0022603"
"query_1",TRUE,8.17295036234614e-05,161,958,22,0.022964509394572,0.136645962732919,"GO:0007173","GO:BP","epidermal growth factor receptor signaling pathway",20972,2602,"GO:0038127"
"query_1",TRUE,8.41449517491252e-05,511,958,47,0.0490605427974948,0.0919765166340509,"GO:0008015","GO:BP","blood circulation",20972,2956,"GO:0003013"
"query_1",TRUE,8.46305405426899e-05,54,958,12,0.0125260960334029,0.222222222222222,"GO:0070542","GO:BP","response to fatty acid",20972,15055,"GO:0033993;GO:1901700"
"query_1",TRUE,8.65557685239756e-05,238,958,28,0.0292275574112735,0.117647058823529,"GO:0097305","GO:BP","response to alcohol",20972,17363,"GO:1901700"
"query_1",TRUE,8.68973585891703e-05,104,958,17,0.0177453027139875,0.163461538461538,"GO:0001823","GO:BP","mesonephros development",20972,467,"GO:0001822"
"query_1",TRUE,8.71386130982463e-05,1883,958,127,0.132567849686848,0.0674455655868295,"GO:0006952","GO:BP","defense response",20972,2452,"GO:0006950"
"query_1",TRUE,8.71386130982463e-05,225,958,27,0.0281837160751566,0.12,"GO:0048738","GO:BP","cardiac muscle tissue development",20972,12145,"GO:0007507;GO:0014706"
"query_1",TRUE,8.73287567598174e-05,512,958,47,0.0490605427974948,0.091796875,"GO:0043065","GO:BP","positive regulation of apoptotic process",20972,9848,"GO:0006915;GO:0042981;GO:0043068"
"query_1",TRUE,8.87172064861648e-05,982,958,76,0.0793319415448852,0.0773930753564155,"GO:0006468","GO:BP","protein phosphorylation",20972,2098,"GO:0016310;GO:0036211"
"query_1",TRUE,9.08035677768535e-05,23,958,8,0.00835073068893528,0.347826086956522,"GO:0016338","GO:BP","calcium-independent cell-cell adhesion",20972,4961,"GO:0098609"
"query_1",TRUE,9.11928000829998e-05,816,958,66,0.0688935281837161,0.0808823529411765,"GO:0060284","GO:BP","regulation of cell development",20972,13512,"GO:0045595;GO:0048468"
"query_1",TRUE,9.11928000829998e-05,513,958,47,0.0490605427974948,0.0916179337231969,"GO:0055080","GO:BP","monoatomic cation homeostasis",20972,13258,"GO:0050801"
"query_1",TRUE,9.23362075015375e-05,127,958,19,0.0198329853862213,0.149606299212598,"GO:0003014","GO:BP","renal system process",20972,1416,"GO:0003008"
"query_1",TRUE,9.23362075015375e-05,127,958,19,0.0198329853862213,0.149606299212598,"GO:0003206","GO:BP","cardiac chamber morphogenesis",20972,1577,"GO:0003007;GO:0003205;GO:0009653"
"query_1",TRUE,9.36508849721903e-05,1777,958,121,0.126304801670146,0.06809229037704,"GO:0044419","GO:BP","biological process involved in interspecies interaction between organisms",20972,10288,"GO:0008150"
"query_1",TRUE,9.61454506494159e-05,163,958,22,0.022964509394572,0.134969325153374,"GO:1903034","GO:BP","regulation of response to wounding",20972,21137,"GO:0009611;GO:0080134"
"query_1",TRUE,9.61454506494159e-05,105,958,17,0.0177453027139875,0.161904761904762,"GO:0061326","GO:BP","renal tubule development",20972,14327,"GO:0035295;GO:0060429;GO:0072001"
"query_1",TRUE,9.61454506494159e-05,17,958,7,0.00730688935281837,0.411764705882353,"GO:0090136","GO:BP","epithelial cell-cell adhesion",20972,16855,"GO:0098609"
"query_1",TRUE,9.96952340354031e-05,55,958,12,0.0125260960334029,0.218181818181818,"GO:0010718","GO:BP","positive regulation of epithelial to mesenchymal transition",20972,4150,"GO:0001837;GO:0010717;GO:0045597;GO:0051240"
"query_1",TRUE,0.000100512266553669,38,958,10,0.0104384133611691,0.263157894736842,"GO:0002067","GO:BP","glandular epithelial cell differentiation",20972,639,"GO:0002065"
"query_1",TRUE,0.000101783761545938,309,958,33,0.034446764091858,0.106796116504854,"GO:0001934","GO:BP","positive regulation of protein phosphorylation",20972,535,"GO:0001932;GO:0006468;GO:0031401;GO:0042327"
"query_1",TRUE,0.000104097833715215,352,958,36,0.0375782881002088,0.102272727272727,"GO:0006066","GO:BP","alcohol metabolic process",20972,1832,"GO:0044281"
"query_1",TRUE,0.000108032963032337,202,958,25,0.0260960334029228,0.123762376237624,"GO:0031032","GO:BP","actomyosin structure organization",20972,6557,"GO:0030036"
"query_1",TRUE,0.000108553159533251,456,958,43,0.0448851774530271,0.0942982456140351,"GO:0006935","GO:BP","chemotaxis",20972,2443,"GO:0042221;GO:0042330"
"query_1",TRUE,0.000109079058358844,595,958,52,0.0542797494780793,0.0873949579831933,"GO:0003013","GO:BP","circulatory system process",20972,1415,"GO:0003008"
"query_1",TRUE,0.000109807582738688,1006,958,77,0.0803757828810021,0.0765407554671968,"GO:0044087","GO:BP","regulation of cellular component biogenesis",20972,10212,"GO:0044085;GO:0050794"
"query_1",TRUE,0.000111366627072605,516,644,58,0.0900621118012422,0.112403100775194,"REAC:R-HSA-9006934","REAC","Signaling by Receptor Tyrosine Kinases",11056,2399,"REAC:R-HSA-162582"
"query_1",TRUE,0.000114589719042614,165,958,22,0.022964509394572,0.133333333333333,"GO:0031099","GO:BP","regeneration",20972,6577,"GO:0048856"
"query_1",TRUE,0.000114589719042614,1804,958,122,0.127348643006263,0.0676274944567627,"GO:0051254","GO:BP","positive regulation of RNA metabolic process",20972,12703,"GO:0010604;GO:0016070;GO:0051252"
"query_1",TRUE,0.000115362015436394,75,958,14,0.0146137787056367,0.186666666666667,"GO:1902893","GO:BP","regulation of miRNA transcription",20972,21042,"GO:0006355;GO:0061614;GO:2000628"
"query_1",TRUE,0.000115770791736332,47,958,11,0.011482254697286,0.234042553191489,"GO:0010463","GO:BP","mesenchymal cell proliferation",20972,3973,"GO:0008283"
"query_1",TRUE,0.000119121286287044,458,958,43,0.0448851774530271,0.0938864628820961,"GO:0042330","GO:BP","taxis",20972,9447,"GO:0009605;GO:0040011"
"query_1",TRUE,0.000122946897815321,355,958,36,0.0375782881002088,0.101408450704225,"GO:1990778","GO:BP","protein localization to cell periphery",20972,23438,"GO:0008104"
"query_1",TRUE,0.000123873109938456,399,958,39,0.0407098121085595,0.0977443609022556,"GO:0001558","GO:BP","regulation of cell growth",20972,336,"GO:0016049;GO:0040008;GO:0051128"
"query_1",TRUE,0.000131018337345962,66,958,13,0.0135699373695198,0.196969696969697,"GO:0150116","GO:BP","regulation of cell-substrate junction organization",20972,18894,"GO:0051128;GO:0150115"
"query_1",TRUE,0.000131018337345962,179,958,23,0.0240083507306889,0.128491620111732,"GO:0038127","GO:BP","ERBB signaling pathway",20972,9089,"GO:0007169"
"query_1",TRUE,0.000131205560902672,6900,958,378,0.394572025052192,0.0547826086956522,"GO:0019222","GO:BP","regulation of metabolic process",20972,5276,"GO:0008152;GO:0050794"
"query_1",TRUE,0.000131727252129371,445,958,42,0.0438413361169102,0.0943820224719101,"GO:0072657","GO:BP","protein localization to membrane",20972,16298,"GO:0008104;GO:0051668"
"query_1",TRUE,0.000132663528358914,76,958,14,0.0146137787056367,0.184210526315789,"GO:0061614","GO:BP","miRNA transcription",20972,14492,"GO:0006351;GO:0010586"
"query_1",TRUE,0.000135372945952122,386,958,38,0.0396659707724426,0.0984455958549223,"GO:0050900","GO:BP","leukocyte migration",20972,12479,"GO:0002376;GO:0016477"
"query_1",TRUE,0.000137163166003467,399,539,49,0.0909090909090909,0.12280701754386,"KEGG:04519","KEGG","Cadherin signaling",8716,328,"KEGG:00000"
"query_1",TRUE,0.00013801863158327,1594,958,110,0.11482254697286,0.06900878293601,"GO:0002682","GO:BP","regulation of immune system process",20972,1154,"GO:0002376;GO:0050789"
"query_1",TRUE,0.000147041042344306,287,958,31,0.0323590814196242,0.10801393728223,"GO:0051146","GO:BP","striated muscle cell differentiation",20972,12643,"GO:0042692"
"query_1",TRUE,0.000148613671384891,524,958,47,0.0490605427974948,0.0896946564885496,"GO:0050801","GO:BP","monoatomic ion homeostasis",20972,12406,"GO:0048878"
"query_1",TRUE,0.000152236181829072,67,958,13,0.0135699373695198,0.194029850746269,"GO:0045600","GO:BP","positive regulation of fat cell differentiation",20972,10682,"GO:0045444;GO:0045597;GO:0045598"
"query_1",TRUE,0.000152236181829072,98,958,16,0.0167014613778706,0.163265306122449,"GO:2001237","GO:BP","negative regulation of extrinsic apoptotic signaling pathway",20972,24478,"GO:0097191;GO:2001234;GO:2001236"
"query_1",TRUE,0.000153102482739711,433,958,41,0.0427974947807933,0.0946882217090069,"GO:1903829","GO:BP","positive regulation of protein localization",20972,21674,"GO:0008104;GO:0032880;GO:0048518"
"query_1",TRUE,0.000156450641599145,374,958,37,0.0386221294363257,0.0989304812834225,"GO:0050878","GO:BP","regulation of body fluid levels",20972,12460,"GO:0065008"
"query_1",TRUE,0.000161215313042217,331,958,34,0.0354906054279749,0.102719033232628,"GO:0042063","GO:BP","gliogenesis",20972,9314,"GO:0022008"
"query_1",TRUE,0.000166107136031897,8,958,5,0.00521920668058455,0.625,"GO:0038134","GO:BP","ERBB2-EGFR signaling pathway",20972,9094,"GO:0007173;GO:0038128"
"query_1",TRUE,0.000166107136031897,8,958,5,0.00521920668058455,0.625,"GO:1905553","GO:BP","regulation of blood vessel branching",20972,22923,"GO:0001569;GO:0045765;GO:0060688;GO:1905330"
"query_1",TRUE,0.000166727036426927,1422,958,100,0.104384133611691,0.070323488045007,"GO:0015031","GO:BP","protein transport",20972,4557,"GO:0006810;GO:0008104;GO:0045184"
"query_1",TRUE,0.000167411297186425,221,958,26,0.0271398747390397,0.117647058823529,"GO:0045926","GO:BP","negative regulation of growth",20972,10943,"GO:0040007;GO:0040008;GO:0048519"
"query_1",TRUE,0.000167999916156227,405,958,39,0.0407098121085595,0.0962962962962963,"GO:0001701","GO:BP","in utero embryonic development",20972,380,"GO:0043009"
"query_1",TRUE,0.000170267178390841,99,958,16,0.0167014613778706,0.161616161616162,"GO:0001657","GO:BP","ureteric bud development",20972,358,"GO:0072164"
"query_1",TRUE,0.000172703921455963,318,958,33,0.034446764091858,0.10377358490566,"GO:0090287","GO:BP","regulation of cellular response to growth factor stimulus",20972,16966,"GO:0048583;GO:0071363"
"query_1",TRUE,0.000189101135214257,89,958,15,0.0156576200417537,0.168539325842697,"GO:0033627","GO:BP","cell adhesion mediated by integrin",20972,7771,"GO:0007155"
"query_1",TRUE,0.000192461638322321,41,958,10,0.0104384133611691,0.24390243902439,"GO:0010719","GO:BP","negative regulation of epithelial to mesenchymal transition",20972,4151,"GO:0001837;GO:0010717;GO:0045596;GO:0051241"
"query_1",TRUE,0.000192461638322321,100,958,16,0.0167014613778706,0.16,"GO:0072163","GO:BP","mesonephric epithelium development",20972,16034,"GO:0001823;GO:0072073"
"query_1",TRUE,0.000192461638322321,100,958,16,0.0167014613778706,0.16,"GO:0072164","GO:BP","mesonephric tubule development",20972,16035,"GO:0035295;GO:0072163"
"query_1",TRUE,0.000195266055907552,59,958,12,0.0125260960334029,0.203389830508475,"GO:0014910","GO:BP","regulation of smooth muscle cell migration",20972,4552,"GO:0014909;GO:0030334"
"query_1",TRUE,0.000195266055907552,59,958,12,0.0125260960334029,0.203389830508475,"GO:0002042","GO:BP","cell migration involved in sprouting angiogenesis",20972,625,"GO:0002040;GO:0043534"
"query_1",TRUE,0.000196336336007249,33,958,9,0.00939457202505219,0.272727272727273,"GO:0060914","GO:BP","heart formation",20972,13992,"GO:0003007;GO:0048645"
"query_1",TRUE,0.000197863294119078,159,958,21,0.0219206680584551,0.132075471698113,"GO:0021915","GO:BP","neural tube development",20972,6048,"GO:0007399;GO:0035295;GO:0043009;GO:0060429"
"query_1",TRUE,0.000217652112429771,160,958,21,0.0219206680584551,0.13125,"GO:2001236","GO:BP","regulation of extrinsic apoptotic signaling pathway",20972,24477,"GO:0097191;GO:2001233"
"query_1",TRUE,0.000223968951414346,148,958,20,0.0208768267223382,0.135135135135135,"GO:0097530","GO:BP","granulocyte migration",20972,17463,"GO:0097529"
"query_1",TRUE,0.000225395952269473,136,958,19,0.0198329853862213,0.139705882352941,"GO:0098773","GO:BP","skin epidermis development",20972,17647,"GO:0008544;GO:0043588;GO:0060429"
"query_1",TRUE,0.000230847909519199,186,958,23,0.0240083507306889,0.123655913978495,"GO:0008154","GO:BP","actin polymerization or depolymerization",20972,2987,"GO:0007015"
"query_1",TRUE,0.000239507520952003,382,958,37,0.0386221294363257,0.0968586387434555,"GO:0032970","GO:BP","regulation of actin filament-based process",20972,7440,"GO:0030029;GO:0050794"
"query_1",TRUE,0.000247721176599482,1856,958,123,0.12839248434238,0.0662715517241379,"GO:0033554","GO:BP","cellular response to stress",20972,7729,"GO:0006950;GO:0051716"
"query_1",TRUE,0.000248477217428532,137,958,19,0.0198329853862213,0.138686131386861,"GO:0090090","GO:BP","negative regulation of canonical Wnt signaling pathway",20972,16818,"GO:0030178;GO:0060070;GO:0060828"
"query_1",TRUE,0.000251871243650146,428,958,40,0.0417536534446764,0.0934579439252336,"GO:0003012","GO:BP","muscle system process",20972,1414,"GO:0003008"
"query_1",TRUE,0.000256115957968636,863,958,67,0.069937369519833,0.0776361529548088,"GO:0019752","GO:BP","carboxylic acid metabolic process",20972,5632,"GO:0043436"
"query_1",TRUE,0.000256115957968636,268,958,29,0.0302713987473904,0.108208955223881,"GO:0051896","GO:BP","regulation of phosphatidylinositol 3-kinase/protein kinase B signal transduction",20972,13048,"GO:0043491;GO:1902531"
"query_1",TRUE,0.00025710386546878,227,958,26,0.0271398747390397,0.114537444933921,"GO:0008406","GO:BP","gonad development",20972,3047,"GO:0045137;GO:0048513;GO:0048608"
"query_1",TRUE,0.000270279886387112,188,958,23,0.0240083507306889,0.122340425531915,"GO:0043087","GO:BP","regulation of GTPase activity",20972,9856,"GO:0051336"
"query_1",TRUE,0.000270574201729882,2290,958,146,0.152400835073069,0.0637554585152838,"GO:0003008","GO:BP","system process",20972,1410,"GO:0032501"
"query_1",TRUE,0.000273617662222045,445,958,41,0.0427974947807933,0.0921348314606742,"GO:0098771","GO:BP","inorganic ion homeostasis",20972,17646,"GO:0048878"
"query_1",TRUE,0.000284339836158999,242,958,27,0.0281837160751566,0.111570247933884,"GO:0045927","GO:BP","positive regulation of growth",20972,10944,"GO:0040007;GO:0040008;GO:0048518"
"query_1",TRUE,0.000290427430770696,115,958,17,0.0177453027139875,0.147826086956522,"GO:0070252","GO:BP","actin-mediated cell contraction",20972,14913,"GO:0030048"
"query_1",TRUE,0.000293643117661053,386,958,37,0.0386221294363257,0.0958549222797927,"GO:0050863","GO:BP","regulation of T cell activation",20972,12448,"GO:0042110;GO:0051249"
"query_1",TRUE,0.000293772750098537,20,958,7,0.00730688935281837,0.35,"GO:0060602","GO:BP","branch elongation of an epithelium",20972,13768,"GO:0003401;GO:0061138"
"query_1",TRUE,0.000293772750098537,20,958,7,0.00730688935281837,0.35,"GO:0043129","GO:BP","surfactant homeostasis",20972,9879,"GO:0140962"
"query_1",TRUE,0.000301738572897969,885,958,68,0.0709812108559499,0.0768361581920904,"GO:0043436","GO:BP","oxoacid metabolic process",20972,10020,"GO:0006082"
"query_1",TRUE,0.000314341845822758,719,958,58,0.0605427974947808,0.0806675938803894,"GO:0009617","GO:BP","response to bacterium",20972,3386,"GO:0051707"
"query_1",TRUE,0.000314877143859937,35,958,9,0.00939457202505219,0.257142857142857,"GO:0110110","GO:BP","positive regulation of animal organ morphogenesis",20972,18158,"GO:0009887;GO:0051094;GO:0051240;GO:2000027"
"query_1",TRUE,0.000325053028510056,5,958,4,0.00417536534446764,0.8,"GO:0071681","GO:BP","cellular response to indole-3-methanol",20972,15713,"GO:0071680;GO:0097306;GO:1901699"
"query_1",TRUE,0.000325053028510056,5,958,4,0.00417536534446764,0.8,"GO:0071680","GO:BP","response to indole-3-methanol",20972,15712,"GO:0097305;GO:1901698"
"query_1",TRUE,0.000325329867162297,590,958,50,0.0521920668058455,0.0847457627118644,"GO:0044093","GO:BP","positive regulation of molecular function",20972,10218,"GO:0065009"
"query_1",TRUE,0.00032745783929412,128,958,18,0.0187891440501044,0.140625,"GO:0001704","GO:BP","formation of primary germ layer",20972,383,"GO:0007369;GO:0048646"
"query_1",TRUE,0.000337753747615585,178,958,22,0.022964509394572,0.123595505617978,"GO:0000302","GO:BP","response to reactive oxygen species",20972,87,"GO:0006979;GO:1901700"
"query_1",TRUE,0.000342607755129219,330,958,33,0.034446764091858,0.1,"GO:0045859","GO:BP","regulation of protein kinase activity",20972,10898,"GO:0001932;GO:0043549"
"query_1",TRUE,0.000343939536436294,53,958,11,0.011482254697286,0.207547169811321,"GO:0044331","GO:BP","cell-cell adhesion mediated by cadherin",20972,10255,"GO:0098609"
"query_1",TRUE,0.000347928673666723,975,958,73,0.0762004175365344,0.0748717948717949,"GO:0045321","GO:BP","leukocyte activation",20972,10587,"GO:0001775;GO:0002376"
"query_1",TRUE,0.000356440764433177,375,958,36,0.0375782881002088,0.096,"GO:1903037","GO:BP","regulation of leukocyte cell-cell adhesion",20972,21140,"GO:0007159;GO:0022407"
"query_1",TRUE,0.000358321162598494,232,958,26,0.0271398747390397,0.112068965517241,"GO:0045137","GO:BP","development of primary sexual characteristics",20972,10535,"GO:0003006;GO:0007275;GO:0007548"
"query_1",TRUE,0.000358321162598494,205,958,24,0.0250521920668058,0.117073170731707,"GO:0042180","GO:BP","ketone metabolic process",20972,9366,"GO:0008152"
"query_1",TRUE,0.000358321162598494,73,958,13,0.0135699373695198,0.178082191780822,"GO:0048844","GO:BP","artery morphogenesis",20972,12235,"GO:0048514;GO:0060840"
"query_1",TRUE,0.000358321162598494,129,958,18,0.0187891440501044,0.13953488372093,"GO:0061041","GO:BP","regulation of wound healing",20972,14103,"GO:0042060;GO:1903034"
"query_1",TRUE,0.000365117510986299,246,958,27,0.0281837160751566,0.109756097560976,"GO:0031400","GO:BP","negative regulation of protein modification process",20972,6700,"GO:0031399;GO:0036211;GO:0051248"
"query_1",TRUE,0.00037218402155024,106,958,16,0.0167014613778706,0.150943396226415,"GO:1901655","GO:BP","cellular response to ketone",20972,20212,"GO:1901654;GO:1901701"
"query_1",TRUE,0.00037218402155024,106,958,16,0.0167014613778706,0.150943396226415,"GO:1901890","GO:BP","positive regulation of cell junction assembly",20972,20379,"GO:0034329;GO:0044089;GO:0051130;GO:1901888"
"query_1",TRUE,0.000372306301378606,892,958,68,0.0709812108559499,0.0762331838565022,"GO:0006082","GO:BP","organic acid metabolic process",20972,1846,"GO:0044281"
"query_1",TRUE,0.000372799871723585,452,958,41,0.0427974947807933,0.0907079646017699,"GO:0043085","GO:BP","positive regulation of catalytic activity",20972,9854,"GO:0044093;GO:0050790"
"query_1",TRUE,0.00037660940892967,215,539,31,0.0575139146567718,0.144186046511628,"KEGG:04382","KEGG","Cornified envelope formation",8716,319,"KEGG:00000"
"query_1",TRUE,0.000380393578815386,28,958,8,0.00835073068893528,0.285714285714286,"GO:0019886","GO:BP","antigen processing and presentation of exogenous peptide antigen via MHC class II",20972,5658,"GO:0002478;GO:0002495"
"query_1",TRUE,0.000386506594323922,36,958,9,0.00939457202505219,0.25,"GO:0001569","GO:BP","branching involved in blood vessel morphogenesis",20972,342,"GO:0001525;GO:0048754"
"query_1",TRUE,0.000411584705038288,207,958,24,0.0250521920668058,0.115942028985507,"GO:0048469","GO:BP","cell maturation",20972,11921,"GO:0048468;GO:0048869;GO:0071695"
"query_1",TRUE,0.00041424802795337,107,958,16,0.0167014613778706,0.149532710280374,"GO:0048008","GO:BP","platelet-derived growth factor receptor signaling pathway",20972,11620,"GO:0007169"
"query_1",TRUE,0.00041705153941884,45,958,10,0.0104384133611691,0.222222222222222,"GO:0031103","GO:BP","axon regeneration",20972,6581,"GO:0031102;GO:0048678;GO:0061564"
"query_1",TRUE,0.00041705153941884,45,958,10,0.0104384133611691,0.222222222222222,"GO:0060563","GO:BP","neuroepithelial cell differentiation",20972,13737,"GO:0002065"
"query_1",TRUE,0.000421031712507482,181,958,22,0.022964509394572,0.121546961325967,"GO:0046890","GO:BP","regulation of lipid biosynthetic process",20972,11584,"GO:0008610;GO:0009889;GO:0019216"
"query_1",TRUE,0.000424861323787114,221,958,25,0.0260960334029228,0.113122171945701,"GO:0048588","GO:BP","developmental cell growth",20972,12010,"GO:0016049;GO:0048468;GO:0048589"
"query_1",TRUE,0.000434689448521624,320,958,32,0.0334029227557411,0.1,"GO:0010038","GO:BP","response to metal ion",20972,3685,"GO:0042221"
"query_1",TRUE,0.000437615852673879,1035,958,76,0.0793319415448852,0.0734299516908213,"GO:0007417","GO:BP","central nervous system development",20972,2776,"GO:0007399;GO:0048731"
"query_1",TRUE,0.000440928415830029,156,958,20,0.0208768267223382,0.128205128205128,"GO:0030041","GO:BP","actin filament polymerization",20972,6227,"GO:0008154;GO:0051258"
"query_1",TRUE,0.000447600089263454,233,539,32,0.0593692022263451,0.137339055793991,"KEGG:04820","KEGG","Cytoskeleton in muscle cells",8716,380,"KEGG:00000"
"query_1",TRUE,0.000447600089263454,141,539,23,0.0426716141001855,0.163120567375887,"KEGG:05418","KEGG","Fluid shear stress and atherosclerosis",8716,511,"KEGG:00000"
"query_1",TRUE,0.000447600089263454,86,539,17,0.0315398886827458,0.197674418604651,"KEGG:05412","KEGG","Arrhythmogenic right ventricular cardiomyopathy",8716,506,"KEGG:00000"
"query_1",TRUE,0.000447600089263454,530,539,58,0.10760667903525,0.109433962264151,"KEGG:05200","KEGG","Pathways in cancer",8716,469,"KEGG:00000"
"query_1",TRUE,0.000447600089263454,212,539,30,0.0556586270871985,0.141509433962264,"KEGG:04015","KEGG","Rap1 signaling pathway",8716,255,"KEGG:00000"
"query_1",TRUE,0.000448905107042603,195,958,23,0.0240083507306889,0.117948717948718,"GO:0007369","GO:BP","gastrulation",20972,2735,"GO:0048598"
"query_1",TRUE,0.000464977744578172,278,958,29,0.0302713987473904,0.10431654676259,"GO:0001666","GO:BP","response to hypoxia",20972,364,"GO:0006950;GO:0036293"
"query_1",TRUE,0.000471968309309932,120,958,17,0.0177453027139875,0.141666666666667,"GO:0071621","GO:BP","granulocyte chemotaxis",20972,15660,"GO:0030595;GO:0097530"
"query_1",TRUE,0.000476581207634377,37,958,9,0.00939457202505219,0.243243243243243,"GO:0007431","GO:BP","salivary gland development",20972,2790,"GO:0035272;GO:0048732"
"query_1",TRUE,0.000476581207634377,37,958,9,0.00939457202505219,0.243243243243243,"GO:1905332","GO:BP","positive regulation of morphogenesis of an epithelium",20972,22775,"GO:0002009;GO:0051094;GO:1905330"
"query_1",TRUE,0.000482256455218844,196,958,23,0.0240083507306889,0.11734693877551,"GO:0044703","GO:BP","multi-organism reproductive process",20972,10371,"GO:0022414"
"query_1",TRUE,0.000484111368306952,87,539,17,0.0315398886827458,0.195402298850575,"KEGG:05150","KEGG","Staphylococcus aureus infection",8716,455,"KEGG:00000"
"query_1",TRUE,0.000487737123999231,170,958,21,0.0219206680584551,0.123529411764706,"GO:0030178","GO:BP","negative regulation of Wnt signaling pathway",20972,6263,"GO:0009968;GO:0016055;GO:0030111"
"query_1",TRUE,0.000497542160675641,46,958,10,0.0104384133611691,0.217391304347826,"GO:0010634","GO:BP","positive regulation of epithelial cell migration",20972,4093,"GO:0010631;GO:0010632;GO:0030335"
"query_1",TRUE,0.000497542160675641,1092,958,79,0.0824634655532359,0.0723443223443224,"GO:0032101","GO:BP","regulation of response to external stimulus",20972,6887,"GO:0009605;GO:0048583"
"query_1",TRUE,0.000500717832835273,30,644,10,0.015527950310559,0.333333333333333,"REAC:R-HSA-420029","REAC","Tight junction interactions",11056,2608,"REAC:R-HSA-421270"
"query_1",TRUE,0.000506271203148461,428,958,39,0.0407098121085595,0.0911214953271028,"GO:0030003","GO:BP","intracellular monoatomic cation homeostasis",20972,6213,"GO:0006873;GO:0055080"
"query_1",TRUE,0.000546252394181051,22,958,7,0.00730688935281837,0.318181818181818,"GO:0060713","GO:BP","labyrinthine layer morphogenesis",20972,13850,"GO:0048598;GO:0060669;GO:0060711"
"query_1",TRUE,0.000547928776718588,146,958,19,0.0198329853862213,0.13013698630137,"GO:0007584","GO:BP","response to nutrient",20972,2906,"GO:0031667;GO:0042221"
"query_1",TRUE,0.000549848135761902,3276,958,195,0.203549060542798,0.0595238095238095,"GO:0009892","GO:BP","negative regulation of metabolic process",20972,3591,"GO:0008152;GO:0019222;GO:0048523"
"query_1",TRUE,0.000566056685607172,134,958,18,0.0187891440501044,0.134328358208955,"GO:0045667","GO:BP","regulation of osteoblast differentiation",20972,10749,"GO:0001649;GO:0045595"
"query_1",TRUE,0.000577847285165902,340,958,33,0.034446764091858,0.0970588235294118,"GO:0006936","GO:BP","muscle contraction",20972,2444,"GO:0003012"
"query_1",TRUE,0.000584830408515409,10,958,5,0.00521920668058455,0.5,"GO:0061626","GO:BP","pharyngeal arch artery morphogenesis",20972,14502,"GO:0048844;GO:0060037"
"query_1",TRUE,0.000585434332162849,38,958,9,0.00939457202505219,0.236842105263158,"GO:0090049","GO:BP","regulation of cell migration involved in sprouting angiogenesis",20972,16785,"GO:0002042;GO:0043535"
"query_1",TRUE,0.000590194385206229,48,539,12,0.0222634508348794,0.25,"KEGG:03272","KEGG","Virion - Hepatitis viruses",8716,241,"KEGG:00000"
"query_1",TRUE,0.000594268362606266,47,958,10,0.0104384133611691,0.212765957446809,"GO:0043114","GO:BP","regulation of vascular permeability",20972,9873,"GO:0003018;GO:0008015;GO:0065008"
"query_1",TRUE,0.000594268362606266,47,958,10,0.0104384133611691,0.212765957446809,"GO:0006693","GO:BP","prostaglandin metabolic process",20972,2277,"GO:0006692"
"query_1",TRUE,0.00059915499656087,77,958,13,0.0135699373695198,0.168831168831169,"GO:0072078","GO:BP","nephron tubule morphogenesis",20972,15958,"GO:0061333;GO:0072080;GO:0072088"
"query_1",TRUE,0.00061061462684497,186,958,22,0.022964509394572,0.118279569892473,"GO:0051495","GO:BP","positive regulation of cytoskeleton organization",20972,12837,"GO:0007010;GO:0010638;GO:0051493"
"query_1",TRUE,0.000615236499696043,173,958,21,0.0219206680584551,0.121387283236994,"GO:0071248","GO:BP","cellular response to metal ion",20972,15375,"GO:0010038;GO:0070887"
"query_1",TRUE,0.000643928823526282,57,958,11,0.011482254697286,0.192982456140351,"GO:1902895","GO:BP","positive regulation of miRNA transcription",20972,21044,"GO:0045893;GO:0061614;GO:1902893;GO:2000630"
"query_1",TRUE,0.000650652293825477,8325,958,439,0.458246346555324,0.0527327327327327,"GO:0016043","GO:BP","cellular component organization",20972,4835,"GO:0071840"
"query_1",TRUE,0.000663299248807306,161,958,20,0.0208768267223382,0.124223602484472,"GO:0071774","GO:BP","response to fibroblast growth factor",20972,15761,"GO:0070848"
"query_1",TRUE,0.000682474659972438,450,958,40,0.0417536534446764,0.0888888888888889,"GO:0031401","GO:BP","positive regulation of protein modification process",20972,6701,"GO:0031399;GO:0036211;GO:0051247"
"query_1",TRUE,0.000696500311536345,10,644,6,0.0093167701863354,0.6,"REAC:R-HSA-9762292","REAC","Regulation of CDH11 function",11056,2045,"REAC:R-HSA-9759475"
"query_1",TRUE,0.000709267436955849,48,958,10,0.0104384133611691,0.208333333333333,"GO:0030857","GO:BP","negative regulation of epithelial cell differentiation",20972,6493,"GO:0030855;GO:0030856;GO:0045596"
"query_1",TRUE,0.000713149824451967,271,958,28,0.0292275574112735,0.103321033210332,"GO:0051962","GO:BP","positive regulation of nervous system development",20972,13089,"GO:0007399;GO:0051094;GO:0051240;GO:0051960"
"query_1",TRUE,0.000724596014327773,23,958,7,0.00730688935281837,0.304347826086957,"GO:0007263","GO:BP","nitric oxide mediated signal transduction",20972,2655,"GO:0141124"
"query_1",TRUE,0.000724596014327773,23,958,7,0.00730688935281837,0.304347826086957,"GO:0043567","GO:BP","regulation of insulin-like growth factor receptor signaling pathway",20972,10092,"GO:0009966;GO:0048009"
"query_1",TRUE,0.000724596014327773,677,958,54,0.0563674321503132,0.0797636632200886,"GO:0032870","GO:BP","cellular response to hormone stimulus",20972,7355,"GO:0009725;GO:0070887;GO:0071495"
"query_1",TRUE,0.000724596014327773,23,958,7,0.00730688935281837,0.304347826086957,"GO:0060706","GO:BP","cell differentiation involved in embryonic placenta development",20972,13843,"GO:0001892;GO:0003006;GO:0030154"
"query_1",TRUE,0.000735678251883699,286,958,29,0.0302713987473904,0.101398601398601,"GO:0072659","GO:BP","protein localization to plasma membrane",20972,16300,"GO:0072657;GO:1990778"
"query_1",TRUE,0.000737272153142742,863,958,65,0.0678496868475992,0.0753186558516802,"GO:0051247","GO:BP","positive regulation of protein metabolic process",20972,12696,"GO:0010604;GO:0019538;GO:0051246"
"query_1",TRUE,0.000745088179359888,58,958,11,0.011482254697286,0.189655172413793,"GO:0043616","GO:BP","keratinocyte proliferation",20972,10121,"GO:0050673"
"query_1",TRUE,0.00074983545672864,272,958,28,0.0292275574112735,0.102941176470588,"GO:0071695","GO:BP","anatomical structure maturation",20972,15722,"GO:0021700;GO:0048856"
"query_1",TRUE,0.000758654693809016,437,958,39,0.0407098121085595,0.0892448512585812,"GO:0006873","GO:BP","intracellular monoatomic ion homeostasis",20972,2402,"GO:0050801;GO:0055082"
"query_1",TRUE,0.000761508741302298,90,958,14,0.0146137787056367,0.155555555555556,"GO:2000628","GO:BP","regulation of miRNA metabolic process",20972,24020,"GO:0010586;GO:0051252"
"query_1",TRUE,0.000763158449199441,79,958,13,0.0135699373695198,0.164556962025316,"GO:0072088","GO:BP","nephron epithelium morphogenesis",20972,15967,"GO:0002009;GO:0072009;GO:0072028"
"query_1",TRUE,0.000766932056884919,176,958,21,0.0219206680584551,0.119318181818182,"GO:0007565","GO:BP","female pregnancy",20972,2903,"GO:0044703;GO:0044706"
"query_1",TRUE,0.000813033639485765,377,958,35,0.0365344467640919,0.0928381962864721,"GO:0016032","GO:BP","viral process",20972,4829,"GO:0008150"
"query_1",TRUE,0.000818871585461545,288,958,29,0.0302713987473904,0.100694444444444,"GO:0007548","GO:BP","sex differentiation",20972,2890,"GO:0003006"
"query_1",TRUE,0.000818871585461545,6,958,4,0.00417536534446764,0.666666666666667,"GO:1905555","GO:BP","positive regulation of blood vessel branching",20972,22925,"GO:0001569;GO:0045766;GO:1905332;GO:1905553"
"query_1",TRUE,0.000823094609327137,151,958,19,0.0198329853862213,0.125827814569536,"GO:0002687","GO:BP","positive regulation of leukocyte migration",20972,1159,"GO:0002684;GO:0002685;GO:0030335;GO:0050900"
"query_1",TRUE,0.000823730932774529,49,958,10,0.0104384133611691,0.204081632653061,"GO:0006692","GO:BP","prostanoid metabolic process",20972,2276,"GO:0006690;GO:0033559"
"query_1",TRUE,0.000823730932774529,49,958,10,0.0104384133611691,0.204081632653061,"GO:0061028","GO:BP","establishment of endothelial barrier",20972,14091,"GO:0001885"
"query_1",TRUE,0.000823730932774529,408,958,37,0.0386221294363257,0.0906862745098039,"GO:0051338","GO:BP","regulation of transferase activity",20972,12763,"GO:0050790"
"query_1",TRUE,0.00082419712373872,69,958,12,0.0125260960334029,0.173913043478261,"GO:0048645","GO:BP","animal organ formation",20972,12054,"GO:0009887;GO:0048646"
"query_1",TRUE,0.000825740234250291,164,958,20,0.0208768267223382,0.121951219512195,"GO:0046661","GO:BP","male sex differentiation",20972,11456,"GO:0007275;GO:0007548"
"query_1",TRUE,0.000843868213903119,91,958,14,0.0146137787056367,0.153846153846154,"GO:0038084","GO:BP","vascular endothelial growth factor signaling pathway",20972,9061,"GO:0007169;GO:0035924"
"query_1",TRUE,0.000876368268980759,66,539,14,0.025974025974026,0.212121212121212,"KEGG:05416","KEGG","Viral myocarditis",8716,509,"KEGG:00000"
"query_1",TRUE,0.00089550372712541,127,958,17,0.0177453027139875,0.133858267716535,"GO:0010565","GO:BP","regulation of ketone metabolic process",20972,4032,"GO:0019222;GO:0042180"
"query_1",TRUE,0.00089550372712541,205,958,23,0.0240083507306889,0.11219512195122,"GO:0044706","GO:BP","multi-multicellular organism process",20972,10372,"GO:0032501"
"query_1",TRUE,0.000923009627213068,426,958,38,0.0396659707724426,0.0892018779342723,"GO:0010975","GO:BP","regulation of neuron projection development",20972,4337,"GO:0031175;GO:0120035"
"query_1",TRUE,0.000929299610863433,305,958,30,0.0313152400835073,0.0983606557377049,"GO:0050803","GO:BP","regulation of synapse structure or activity",20972,12408,"GO:0065008"
"query_1",TRUE,0.000945522238735052,92,958,14,0.0146137787056367,0.152173913043478,"GO:0043535","GO:BP","regulation of blood vessel endothelial cell migration",20972,10076,"GO:0010594;GO:0043534"
"query_1",TRUE,0.000949226712447078,17,958,6,0.00626304801670146,0.352941176470588,"GO:0042448","GO:BP","progesterone metabolic process",20972,9535,"GO:0008207;GO:0042180;GO:0120254"
"query_1",TRUE,0.000949226712447078,17,958,6,0.00626304801670146,0.352941176470588,"GO:0071895","GO:BP","odontoblast differentiation",20972,15823,"GO:0060563"
"query_1",TRUE,0.00095243228123277,11,958,5,0.00521920668058455,0.454545454545455,"GO:0090557","GO:BP","establishment of endothelial intestinal barrier",20972,17136,"GO:0061028"
"query_1",TRUE,0.00095243228123277,11,958,5,0.00521920668058455,0.454545454545455,"GO:0060433","GO:BP","bronchus development",20972,13636,"GO:0030323;GO:0060541"
"query_1",TRUE,0.000954190586476671,396,958,36,0.0375782881002088,0.0909090909090909,"GO:0006631","GO:BP","fatty acid metabolic process",20972,2221,"GO:0006629;GO:0032787"
"query_1",TRUE,0.000954190586476671,153,958,19,0.0198329853862213,0.124183006535948,"GO:0044344","GO:BP","cellular response to fibroblast growth factor stimulus",20972,10261,"GO:0071363;GO:0071774"
"query_1",TRUE,0.000954190586476671,32,958,8,0.00835073068893528,0.25,"GO:0002495","GO:BP","antigen processing and presentation of peptide antigen via MHC class II",20972,976,"GO:0002504;GO:0048002"
"query_1",TRUE,0.000954288421516018,81,958,13,0.0135699373695198,0.160493827160494,"GO:0072028","GO:BP","nephron morphogenesis",20972,15913,"GO:0009653;GO:0060993;GO:0072006"
"query_1",TRUE,0.000954288421516018,166,958,20,0.0208768267223382,0.120481927710843,"GO:0030162","GO:BP","regulation of proteolysis",20972,6255,"GO:0006508;GO:0051246"
"query_1",TRUE,0.00095645044729679,50,958,10,0.0104384133611691,0.2,"GO:0030850","GO:BP","prostate gland development",20972,6486,"GO:0001655;GO:0048608;GO:0048732"
"query_1",TRUE,0.000957055321638443,701,644,69,0.107142857142857,0.0984308131241084,"REAC:R-HSA-194315","REAC","Signaling by Rho GTPases",11056,2401,"REAC:R-HSA-9716542"
"query_1",TRUE,0.000965698054883822,716,644,70,0.108695652173913,0.0977653631284916,"REAC:R-HSA-9716542","REAC","Signaling by Rho GTPases, Miro GTPases and RHOBTB3",11056,2402,"REAC:R-HSA-162582"
"query_1",TRUE,0.000975246549173209,60,958,11,0.011482254697286,0.183333333333333,"GO:0010812","GO:BP","negative regulation of cell-substrate adhesion",20972,4218,"GO:0007162;GO:0010810;GO:0031589"
"query_1",TRUE,0.00101432749275567,41,958,9,0.00939457202505219,0.219512195121951,"GO:1903670","GO:BP","regulation of sprouting angiogenesis",20972,21563,"GO:0002040;GO:0045765"
"query_1",TRUE,0.00106204533237509,71,958,12,0.0125260960334029,0.169014084507042,"GO:0006081","GO:BP","aldehyde metabolic process",20972,1845,"GO:0008152"
"query_1",TRUE,0.00106293449821348,293,958,29,0.0302713987473904,0.0989761092150171,"GO:0051402","GO:BP","neuron apoptotic process",20972,12784,"GO:0006915"
"query_1",TRUE,0.0010731426435797,82,958,13,0.0135699373695198,0.158536585365854,"GO:0061333","GO:BP","renal tubule morphogenesis",20972,14334,"GO:0060562;GO:0061326"
"query_1",TRUE,0.0010731426435797,82,958,13,0.0135699373695198,0.158536585365854,"GO:1904019","GO:BP","epithelial cell apoptotic process",20972,21810,"GO:0006915"
"query_1",TRUE,0.00108596172961169,7,644,5,0.0077639751552795,0.714285714285714,"REAC:R-HSA-9833576","REAC","CDH11 homotypic and heterotypic interactions",11056,286,"REAC:R-HSA-9762292"
"query_1",TRUE,0.00108635859628542,430,958,38,0.0396659707724426,0.0883720930232558,"GO:0051960","GO:BP","regulation of nervous system development",20972,13087,"GO:0007399;GO:2000026"
"query_1",TRUE,0.00109094330795749,1410,958,95,0.0991649269311065,0.0673758865248227,"GO:0080134","GO:BP","regulation of response to stress",20972,16633,"GO:0006950;GO:0048583"
"query_1",TRUE,0.00111400693478206,11,644,6,0.0093167701863354,0.545454545454545,"REAC:R-HSA-351906","REAC","Apoptotic cleavage of cell adhesion  proteins",11056,168,"REAC:R-HSA-111465"
"query_1",TRUE,0.0011147960419055,155,958,19,0.0198329853862213,0.12258064516129,"GO:0030307","GO:BP","positive regulation of cell growth",20972,6322,"GO:0001558;GO:0016049;GO:0045927;GO:0048522"
"query_1",TRUE,0.00112167044109054,51,958,10,0.0104384133611691,0.196078431372549,"GO:0031102","GO:BP","neuron projection regeneration",20972,6580,"GO:0031099;GO:0031175;GO:0033554"
"query_1",TRUE,0.00112367065198999,204,539,28,0.051948051948052,0.137254901960784,"KEGG:05205","KEGG","Proteoglycans in cancer",8716,473,"KEGG:00000"
"query_1",TRUE,0.0011464015646368,251,958,26,0.0271398747390397,0.103585657370518,"GO:0003015","GO:BP","heart process",20972,1417,"GO:0003013"
"query_1",TRUE,0.00117568935576935,33,958,8,0.00835073068893528,0.242424242424242,"GO:0007435","GO:BP","salivary gland morphogenesis",20972,2794,"GO:0007431;GO:0022612"
"query_1",TRUE,0.00117568935576935,33,958,8,0.00835073068893528,0.242424242424242,"GO:0071604","GO:BP","transforming growth factor beta production",20972,15649,"GO:0001816"
"query_1",TRUE,0.00118950640752411,143,958,18,0.0187891440501044,0.125874125874126,"GO:0036294","GO:BP","cellular response to decreased oxygen levels",20972,8922,"GO:0036293;GO:0071453"
"query_1",TRUE,0.00118950640752411,143,958,18,0.0187891440501044,0.125874125874126,"GO:1903038","GO:BP","negative regulation of leukocyte cell-cell adhesion",20972,21141,"GO:0007159;GO:0022408;GO:1903037"
"query_1",TRUE,0.00119385932683273,72,958,12,0.0125260960334029,0.166666666666667,"GO:0048678","GO:BP","response to axon injury",20972,12086,"GO:0009611"
"query_1",TRUE,0.00119385932683273,340,958,32,0.0334029227557411,0.0941176470588235,"GO:0032956","GO:BP","regulation of actin cytoskeleton organization",20972,7427,"GO:0030036;GO:0032970;GO:0051493"
"query_1",TRUE,0.00119980123922896,3,958,3,0.00313152400835073,1,"GO:0060672","GO:BP","epithelial cell morphogenesis involved in placental branching",20972,13820,"GO:0003382;GO:0048598;GO:0060670;GO:0060671"
"query_1",TRUE,0.00119980123922896,3,958,3,0.00313152400835073,1,"GO:0060671","GO:BP","epithelial cell differentiation involved in embryonic placenta development",20972,13819,"GO:0030855;GO:0060706;GO:0060711"
"query_1",TRUE,0.00122029501373743,210,958,23,0.0240083507306889,0.10952380952381,"GO:0045936","GO:BP","negative regulation of phosphate metabolic process",20972,10951,"GO:0006796;GO:0010563"
"query_1",TRUE,0.00122029501373743,210,958,23,0.0240083507306889,0.10952380952381,"GO:0010563","GO:BP","negative regulation of phosphorus metabolic process",20972,4030,"GO:0006793;GO:0009892;GO:0051174"
"query_1",TRUE,0.00125589914494363,481,958,41,0.0427974947807933,0.0852390852390852,"GO:0070201","GO:BP","regulation of establishment of protein localization",20972,14877,"GO:0032880;GO:0045184"
"query_1",TRUE,0.00129275494854442,119,958,16,0.0167014613778706,0.134453781512605,"GO:0006690","GO:BP","icosanoid metabolic process",20972,2274,"GO:0019752"
"query_1",TRUE,0.00131785319942216,312,958,30,0.0313152400835073,0.0961538461538462,"GO:0048545","GO:BP","response to steroid hormone",20972,11977,"GO:0009725;GO:0033993"
"query_1",TRUE,0.00137918672454411,298,958,29,0.0302713987473904,0.0973154362416107,"GO:0050807","GO:BP","regulation of synapse organization",20972,12412,"GO:0050803;GO:0050808;GO:0051128"
"query_1",TRUE,0.00137918672454411,171,958,20,0.0208768267223382,0.116959064327485,"GO:0003205","GO:BP","cardiac chamber development",20972,1576,"GO:0007507;GO:0048856"
"query_1",TRUE,0.00138275481133384,240,958,25,0.0260960334029228,0.104166666666667,"GO:0043523","GO:BP","regulation of neuron apoptotic process",20972,10072,"GO:0042981;GO:0051402"
"query_1",TRUE,0.0013861445507143,313,958,30,0.0313152400835073,0.0958466453674121,"GO:0062012","GO:BP","regulation of small molecule metabolic process",20972,14679,"GO:0019222;GO:0044281"
"query_1",TRUE,0.0013919099664786,226,958,24,0.0250521920668058,0.106194690265487,"GO:0002685","GO:BP","regulation of leukocyte migration",20972,1157,"GO:0002682;GO:0030334;GO:0050900"
"query_1",TRUE,0.00141911185122347,115,539,19,0.0352504638218924,0.165217391304348,"KEGG:04670","KEGG","Leukocyte transendothelial migration",8716,356,"KEGG:00000"
"query_1",TRUE,0.00143056331153784,106,539,18,0.0333951762523191,0.169811320754717,"KEGG:05215","KEGG","Prostate cancer",8716,482,"KEGG:00000"
"query_1",TRUE,0.00143414705352127,34,958,8,0.00835073068893528,0.235294117647059,"GO:0031128","GO:BP","developmental induction",20972,6604,"GO:0032502"
"query_1",TRUE,0.00143553770246757,108,958,15,0.0156576200417537,0.138888888888889,"GO:0006469","GO:BP","negative regulation of protein kinase activity",20972,2099,"GO:0001933;GO:0033673;GO:0045859"
"query_1",TRUE,0.00143716131394739,198,539,27,0.0500927643784787,0.136363636363636,"KEGG:05130","KEGG","Pathogenic Escherichia coli infection",8716,443,"KEGG:00000"
"query_1",TRUE,0.00146510999756718,241,958,25,0.0260960334029228,0.103734439834025,"GO:0007596","GO:BP","blood coagulation",20972,2915,"GO:0007599;GO:0042060;GO:0050817"
"query_1",TRUE,0.00146883185139343,12,958,5,0.00521920668058455,0.416666666666667,"GO:0033690","GO:BP","positive regulation of osteoblast proliferation",20972,7795,"GO:0008284;GO:0033687;GO:0033688"
"query_1",TRUE,0.00147821740436781,227,958,24,0.0250521920668058,0.105726872246696,"GO:0097529","GO:BP","myeloid leukocyte migration",20972,17462,"GO:0050900"
"query_1",TRUE,0.00150532989771048,146,958,18,0.0187891440501044,0.123287671232877,"GO:1900180","GO:BP","regulation of protein localization to nucleus",20972,19221,"GO:0032880;GO:0034504"
"query_1",TRUE,0.0015211456798679,26,958,7,0.00730688935281837,0.269230769230769,"GO:0060669","GO:BP","embryonic placenta morphogenesis",20972,13817,"GO:0001892;GO:0048598"
"query_1",TRUE,0.0015211456798679,300,958,29,0.0302713987473904,0.0966666666666667,"GO:0062197","GO:BP","cellular response to chemical stress",20972,14755,"GO:0033554;GO:0070887"
"query_1",TRUE,0.0015211456798679,26,958,7,0.00730688935281837,0.269230769230769,"GO:0150105","GO:BP","protein localization to cell-cell junction",20972,18889,"GO:1902414"
"query_1",TRUE,0.00152459134573362,315,958,30,0.0313152400835073,0.0952380952380952,"GO:0060326","GO:BP","cell chemotaxis",20972,13548,"GO:0006935;GO:0016477;GO:0070887"
"query_1",TRUE,0.00155927883667446,200,958,22,0.022964509394572,0.11,"GO:0050679","GO:BP","positive regulation of epithelial cell proliferation",20972,12354,"GO:0008284;GO:0050673;GO:0050678"
"query_1",TRUE,0.00158874065315533,89,539,16,0.0296846011131725,0.179775280898876,"KEGG:04512","KEGG","ECM-receptor interaction",8716,324,"KEGG:00000"
"query_1",TRUE,0.0016173907266975,160,958,19,0.0198329853862213,0.11875,"GO:0043409","GO:BP","negative regulation of MAPK cascade",20972,10006,"GO:0000165;GO:0043408;GO:1902532"
"query_1",TRUE,0.00162464412670269,147,958,18,0.0187891440501044,0.122448979591837,"GO:0035051","GO:BP","cardiocyte differentiation",20972,8209,"GO:0007507;GO:0030154"
"query_1",TRUE,0.00163852995561369,7,958,4,0.00417536534446764,0.571428571428571,"GO:0072201","GO:BP","negative regulation of mesenchymal cell proliferation",20972,16071,"GO:0008285;GO:0010463;GO:0010464"
"query_1",TRUE,0.00163852995561369,7,958,4,0.00417536534446764,0.571428571428571,"GO:0086042","GO:BP","cardiac muscle cell-cardiac muscle cell adhesion",20972,16717,"GO:0034109"
"query_1",TRUE,0.00163852995561369,7,958,4,0.00417536534446764,0.571428571428571,"GO:0060449","GO:BP","bud elongation involved in lung branching",20972,13652,"GO:0060441;GO:0060602"
"query_1",TRUE,0.00166064159084068,201,958,22,0.022964509394572,0.109452736318408,"GO:0120032","GO:BP","regulation of plasma membrane bounded cell projection assembly",20972,18201,"GO:0060491;GO:0120031;GO:0120035"
"query_1",TRUE,0.0017356363659838,35,958,8,0.00835073068893528,0.228571428571429,"GO:0032350","GO:BP","regulation of hormone metabolic process",20972,7021,"GO:0010817;GO:0019222;GO:0042445"
"query_1",TRUE,0.00173685101709574,161,958,19,0.0198329853862213,0.118012422360248,"GO:0051345","GO:BP","positive regulation of hydrolase activity",20972,12766,"GO:0043085;GO:0051336"
"query_1",TRUE,0.00174508153396763,19,958,6,0.00626304801670146,0.315789473684211,"GO:1905244","GO:BP","regulation of modification of synaptic structure",20972,22710,"GO:0050807;GO:0099563"
"query_1",TRUE,0.00174916161224776,148,958,18,0.0187891440501044,0.121621621621622,"GO:0001933","GO:BP","negative regulation of protein phosphorylation",20972,534,"GO:0001932;GO:0006468;GO:0031400;GO:0042326"
"query_1",TRUE,0.00175084014568589,604,958,48,0.0501043841336117,0.0794701986754967,"GO:0032787","GO:BP","monocarboxylic acid metabolic process",20972,7321,"GO:0019752"
"query_1",TRUE,0.00175188208754215,333,958,31,0.0323590814196242,0.0930930930930931,"GO:0104004","GO:BP","cellular response to environmental stimulus",20972,17955,"GO:0051716"
"query_1",TRUE,0.00175188208754215,333,958,31,0.0323590814196242,0.0930930930930931,"GO:0071214","GO:BP","cellular response to abiotic stimulus",20972,15342,"GO:0009628;GO:0104004"
"query_1",TRUE,0.00178720963069133,364,958,33,0.034446764091858,0.0906593406593407,"GO:0043010","GO:BP","camera-type eye development",20972,9817,"GO:0001654"
"query_1",TRUE,0.00178720963069133,395,958,35,0.0365344467640919,0.0886075949367089,"GO:0050727","GO:BP","regulation of inflammatory response",20972,12367,"GO:0006954;GO:0031347;GO:0032101"
"query_1",TRUE,0.00183407062831483,87,958,13,0.0135699373695198,0.149425287356322,"GO:0048013","GO:BP","ephrin receptor signaling pathway",20972,11625,"GO:0007169"
"query_1",TRUE,0.00184538192348044,1938,958,122,0.127348643006263,0.0629514963880289,"GO:0051649","GO:BP","establishment of localization in cell",20972,12938,"GO:0051234;GO:0051641"
"query_1",TRUE,0.00185050305449747,475,958,40,0.0417536534446764,0.0842105263157895,"GO:0031667","GO:BP","response to nutrient levels",20972,6808,"GO:0050896"
"query_1",TRUE,0.00186871557031769,203,958,22,0.022964509394572,0.108374384236453,"GO:0060491","GO:BP","regulation of cell projection assembly",20972,13690,"GO:0030031;GO:0031344;GO:0044087"
"query_1",TRUE,0.00186871557031769,111,958,15,0.0156576200417537,0.135135135135135,"GO:0048675","GO:BP","axon extension",20972,12084,"GO:0007409;GO:1990138"
"query_1",TRUE,0.00186871557031769,65,958,11,0.011482254697286,0.169230769230769,"GO:0036005","GO:BP","response to macrophage colony-stimulating factor",20972,8776,"GO:0034097"
"query_1",TRUE,0.00186871557031769,65,958,11,0.011482254697286,0.169230769230769,"GO:0030858","GO:BP","positive regulation of epithelial cell differentiation",20972,6494,"GO:0030855;GO:0030856;GO:0045597"
"query_1",TRUE,0.00189451369561386,27,958,7,0.00730688935281837,0.259259259259259,"GO:0060740","GO:BP","prostate gland epithelium morphogenesis",20972,13871,"GO:0002009;GO:0003006;GO:0060512"
"query_1",TRUE,0.00192323767076305,246,958,25,0.0260960334029228,0.101626016260163,"GO:0050817","GO:BP","coagulation",20972,12417,"GO:0032501"
"query_1",TRUE,0.00198926142415797,163,958,19,0.0198329853862213,0.116564417177914,"GO:0042326","GO:BP","negative regulation of phosphorylation",20972,9445,"GO:0016310;GO:0042325;GO:0045936"
"query_1",TRUE,0.00207583360395288,36,958,8,0.00835073068893528,0.222222222222222,"GO:0034694","GO:BP","response to prostaglandin",20972,8140,"GO:0009725;GO:0033993"
"query_1",TRUE,0.00207583360395288,430,958,37,0.0386221294363257,0.086046511627907,"GO:0010720","GO:BP","positive regulation of cell development",20972,4152,"GO:0045597;GO:0048468;GO:0060284"
"query_1",TRUE,0.00212257770780019,66,958,11,0.011482254697286,0.166666666666667,"GO:2000630","GO:BP","positive regulation of miRNA metabolic process",20972,24022,"GO:0010586;GO:0051254;GO:2000628"
"query_1",TRUE,0.00212257770780019,66,958,11,0.011482254697286,0.166666666666667,"GO:0051346","GO:BP","negative regulation of hydrolase activity",20972,12767,"GO:0043086;GO:0051336"
"query_1",TRUE,0.00212257770780019,971,958,69,0.0720250521920668,0.0710607621009269,"GO:0030097","GO:BP","hemopoiesis",20972,6240,"GO:0048468"
"query_1",TRUE,0.00213736244905773,248,958,25,0.0260960334029228,0.100806451612903,"GO:0007599","GO:BP","hemostasis",20972,2918,"GO:0050878"
"query_1",TRUE,0.00213736244905773,13,958,5,0.00521920668058455,0.384615384615385,"GO:0021781","GO:BP","glial cell fate commitment",20972,5951,"GO:0010001;GO:0045165"
"query_1",TRUE,0.00213736244905773,627,958,49,0.0511482254697286,0.0781499202551834,"GO:0050865","GO:BP","regulation of cell activation",20972,12450,"GO:0001775;GO:0050794;GO:0051239"
"query_1",TRUE,0.00213736244905773,13,958,5,0.00521920668058455,0.384615384615385,"GO:0002503","GO:BP","peptide antigen assembly with MHC class II protein complex",20972,984,"GO:0002399;GO:0002495;GO:0002501"
"query_1",TRUE,0.00213736244905773,13,958,5,0.00521920668058455,0.384615384615385,"GO:0002399","GO:BP","MHC class II protein complex assembly",20972,882,"GO:0002396"
"query_1",TRUE,0.00213736244905773,13,958,5,0.00521920668058455,0.384615384615385,"GO:0060670","GO:BP","branching involved in labyrinthine layer morphogenesis",20972,13818,"GO:0048598;GO:0060713;GO:0061138"
"query_1",TRUE,0.00213736244905773,125,958,16,0.0167014613778706,0.128,"GO:0072089","GO:BP","stem cell proliferation",20972,15968,"GO:0008283"
"query_1",TRUE,0.00213736244905773,13,958,5,0.00521920668058455,0.384615384615385,"GO:0040015","GO:BP","negative regulation of multicellular organism growth",20972,9269,"GO:0035264;GO:0040014;GO:0048640;GO:0051241"
"query_1",TRUE,0.00219039585623463,234,958,24,0.0250521920668058,0.102564102564103,"GO:0007411","GO:BP","axon guidance",20972,2770,"GO:0007409;GO:0097485"
"query_1",TRUE,0.0022148757883485,113,958,15,0.0156576200417537,0.132743362831858,"GO:0055007","GO:BP","cardiac muscle cell differentiation",20972,13221,"GO:0035051;GO:0048738;GO:0051146"
"query_1",TRUE,0.0022148757883485,113,958,15,0.0156576200417537,0.132743362831858,"GO:0035924","GO:BP","cellular response to vascular endothelial growth factor stimulus",20972,8734,"GO:0071363"
"query_1",TRUE,0.0022170902604764,1610,958,104,0.108559498956159,0.0645962732919255,"GO:0051707","GO:BP","response to other organism",20972,12978,"GO:0043207;GO:0044419"
"query_1",TRUE,0.00225457312019191,101,958,14,0.0146137787056367,0.138613861386139,"GO:0001841","GO:BP","neural tube formation",20972,485,"GO:0001838;GO:0021915"
"query_1",TRUE,0.00226358240740023,46,958,9,0.00939457202505219,0.195652173913043,"GO:0048662","GO:BP","negative regulation of smooth muscle cell proliferation",20972,12071,"GO:0008285;GO:0048659;GO:0048660"
"query_1",TRUE,0.00226358240740023,46,958,9,0.00939457202505219,0.195652173913043,"GO:0060711","GO:BP","labyrinthine layer development",20972,13848,"GO:0001892;GO:0048856"
"query_1",TRUE,0.00226358240740023,20,958,6,0.00626304801670146,0.3,"GO:0072079","GO:BP","nephron tubule formation",20972,15959,"GO:0001838;GO:0072078"
"query_1",TRUE,0.00228464429510597,339,958,31,0.0323590814196242,0.0914454277286136,"GO:0070661","GO:BP","leukocyte proliferation",20972,15119,"GO:0008283"
"query_1",TRUE,0.0022923307196202,264,958,26,0.0271398747390397,0.0984848484848485,"GO:0006898","GO:BP","receptor-mediated endocytosis",20972,2421,"GO:0006897"
"query_1",TRUE,0.00230075895795319,235,958,24,0.0250521920668058,0.102127659574468,"GO:0097485","GO:BP","neuron projection guidance",20972,17447,"GO:0031175;GO:0048812"
"query_1",TRUE,0.00230303494874791,449,958,38,0.0396659707724426,0.0846325167037862,"GO:0030099","GO:BP","myeloid cell differentiation",20972,6242,"GO:0030097;GO:0030154"
"query_1",TRUE,0.00232348859235898,28,958,7,0.00730688935281837,0.25,"GO:0052372","GO:BP","modulation by symbiont of entry into host",20972,13168,"GO:0043903;GO:0044409"
"query_1",TRUE,0.00233382628637155,57,539,12,0.0222634508348794,0.210526315789474,"KEGG:00480","KEGG","Glutathione metabolism",8716,62,"KEGG:00000"
"query_1",TRUE,0.00233382628637155,102,539,17,0.0315398886827458,0.166666666666667,"KEGG:05146","KEGG","Amoebiasis",8716,454,"KEGG:00000"
"query_1",TRUE,0.0023346861361365,1613,958,104,0.108559498956159,0.0644761314321141,"GO:0043207","GO:BP","response to external biotic stimulus",20972,9908,"GO:0009605;GO:0009607"
"query_1",TRUE,0.0023346861361365,221,958,23,0.0240083507306889,0.104072398190045,"GO:0050769","GO:BP","positive regulation of neurogenesis",20972,12384,"GO:0010720;GO:0022008;GO:0050767;GO:0051962"
"query_1",TRUE,0.00234726000874299,818,958,60,0.0626304801670146,0.0733496332518337,"GO:0051050","GO:BP","positive regulation of transport",20972,12589,"GO:0006810;GO:0048518;GO:0051049"
"query_1",TRUE,0.00234726000874299,67,958,11,0.011482254697286,0.164179104477612,"GO:0001655","GO:BP","urogenital system development",20972,356,"GO:0048731"
"query_1",TRUE,0.00237750894214692,531,958,43,0.0448851774530271,0.0809792843691149,"GO:0051493","GO:BP","regulation of cytoskeleton organization",20972,12835,"GO:0007010;GO:0033043"
"query_1",TRUE,0.00238565505848055,114,958,15,0.0156576200417537,0.131578947368421,"GO:0033673","GO:BP","negative regulation of kinase activity",20972,7787,"GO:0042326;GO:0043086;GO:0043549"
"query_1",TRUE,0.00239965212876829,166,958,19,0.0198329853862213,0.114457831325301,"GO:0043524","GO:BP","negative regulation of neuron apoptotic process",20972,10073,"GO:0043066;GO:0043523;GO:0051402"
"query_1",TRUE,0.00240135997644114,1652,958,106,0.110647181628392,0.0641646489104116,"GO:0009607","GO:BP","response to biotic stimulus",20972,3378,"GO:0050896"
"query_1",TRUE,0.00240621436430132,3080,958,180,0.187891440501044,0.0584415584415584,"GO:0010605","GO:BP","negative regulation of macromolecule metabolic process",20972,4066,"GO:0009892;GO:0043170;GO:0060255"
"query_1",TRUE,0.00240621436430132,581,958,46,0.0480167014613779,0.0791738382099828,"GO:0042110","GO:BP","T cell activation",20972,9331,"GO:0046649"
"query_1",TRUE,0.00243031920075364,102,958,14,0.0146137787056367,0.137254901960784,"GO:0022405","GO:BP","hair cycle process",20972,6162,"GO:0022404;GO:0042633"
"query_1",TRUE,0.00243031920075364,102,958,14,0.0146137787056367,0.137254901960784,"GO:0022404","GO:BP","molting cycle process",20972,6161,"GO:0032501;GO:0042303"
"query_1",TRUE,0.00254299963361192,57,958,10,0.0104384133611691,0.175438596491228,"GO:0034332","GO:BP","adherens junction organization",20972,8001,"GO:0045216"
"query_1",TRUE,0.00256088202744432,468,958,39,0.0407098121085595,0.0833333333333333,"GO:0007389","GO:BP","pattern specification process",20972,2753,"GO:0007275;GO:0032501"
"query_1",TRUE,0.00259122970195432,358,539,40,0.0742115027829314,0.111731843575419,"KEGG:04151","KEGG","PI3K-Akt signaling pathway",8716,294,"KEGG:00000"
"query_1",TRUE,0.00260738110430193,47,958,9,0.00939457202505219,0.191489361702128,"GO:0060443","GO:BP","mammary gland morphogenesis",20972,13646,"GO:0022612;GO:0030879"
"query_1",TRUE,0.00263054846908484,68,958,11,0.011482254697286,0.161764705882353,"GO:1903036","GO:BP","positive regulation of response to wounding",20972,21139,"GO:0009611;GO:0048584;GO:1903034"
"query_1",TRUE,0.00263054846908484,68,958,11,0.011482254697286,0.161764705882353,"GO:0045861","GO:BP","negative regulation of proteolysis",20972,10900,"GO:0006508;GO:0030162;GO:0051248"
"query_1",TRUE,0.00267464286573393,141,958,17,0.0177453027139875,0.120567375886525,"GO:0008584","GO:BP","male gonad development",20972,3055,"GO:0008406;GO:0046546"
"query_1",TRUE,0.00267464286573393,141,958,17,0.0177453027139875,0.120567375886525,"GO:0050921","GO:BP","positive regulation of chemotaxis",20972,12500,"GO:0006935;GO:0032103;GO:0040017;GO:0050920"
"query_1",TRUE,0.00267464286573393,297,958,28,0.0292275574112735,0.0942760942760943,"GO:0045165","GO:BP","cell fate commitment",20972,10546,"GO:0030154;GO:0048869"
"query_1",TRUE,0.00281831954323614,8,958,4,0.00417536534446764,0.5,"GO:1905603","GO:BP","regulation of blood-brain barrier permeability",20972,22956,"GO:0035633;GO:0043114"
"query_1",TRUE,0.00281831954323614,653,958,50,0.0521920668058455,0.0765696784073507,"GO:0006886","GO:BP","intracellular protein transport",20972,2411,"GO:0008104;GO:0015031;GO:0046907"
"query_1",TRUE,0.00281831954323614,29,958,7,0.00730688935281837,0.241379310344828,"GO:0060512","GO:BP","prostate gland morphogenesis",20972,13702,"GO:0003006;GO:0022612;GO:0030850"
"query_1",TRUE,0.00281831954323614,29,958,7,0.00730688935281837,0.241379310344828,"GO:0003156","GO:BP","regulation of animal organ formation",20972,1529,"GO:0048645;GO:2000027"
"query_1",TRUE,0.00281831954323614,8,958,4,0.00417536534446764,0.5,"GO:1905331","GO:BP","negative regulation of morphogenesis of an epithelium",20972,22774,"GO:0002009;GO:0051093;GO:1905330"
"query_1",TRUE,0.00281831954323614,8,958,4,0.00417536534446764,0.5,"GO:0010749","GO:BP","regulation of nitric oxide mediated signal transduction",20972,4171,"GO:0007263;GO:1902531"
"query_1",TRUE,0.00281831954323614,29,958,7,0.00730688935281837,0.241379310344828,"GO:0035767","GO:BP","endothelial cell chemotaxis",20972,8635,"GO:0043542;GO:0060326"
"query_1",TRUE,0.00281831954323614,116,958,15,0.0156576200417537,0.129310344827586,"GO:1903707","GO:BP","negative regulation of hemopoiesis",20972,21592,"GO:0002683;GO:0010721;GO:0030097;GO:0051241;GO:1903706"
"query_1",TRUE,0.00281831954323614,29,958,7,0.00730688935281837,0.241379310344828,"GO:0003401","GO:BP","axis elongation",20972,1734,"GO:0060560"
"query_1",TRUE,0.0028312503364562,860,958,62,0.0647181628392484,0.072093023255814,"GO:0030001","GO:BP","metal ion transport",20972,6211,"GO:0006812"
"query_1",TRUE,0.00283694827122343,38,958,8,0.00835073068893528,0.210526315789474,"GO:0002478","GO:BP","antigen processing and presentation of exogenous peptide antigen",20972,959,"GO:0019884;GO:0048002"
"query_1",TRUE,0.00283694827122343,38,958,8,0.00835073068893528,0.210526315789474,"GO:0043903","GO:BP","regulation of biological process involved in symbiotic interaction",20972,10163,"GO:0044403;GO:0050789"
"query_1",TRUE,0.00283694827122343,38,958,8,0.00835073068893528,0.210526315789474,"GO:0008207","GO:BP","C21-steroid hormone metabolic process",20972,2994,"GO:0008202;GO:0042445"
"query_1",TRUE,0.00285268464756587,142,958,17,0.0177453027139875,0.119718309859155,"GO:0046546","GO:BP","development of primary male sexual characteristics",20972,11394,"GO:0045137;GO:0046661"
"query_1",TRUE,0.00285478983342824,21,958,6,0.00626304801670146,0.285714285714286,"GO:0090050","GO:BP","positive regulation of cell migration involved in sprouting angiogenesis",20972,16786,"GO:0002042;GO:0043536;GO:0090049"
"query_1",TRUE,0.00285478983342824,21,958,6,0.00626304801670146,0.285714285714286,"GO:0090189","GO:BP","regulation of branching involved in ureteric bud morphogenesis",20972,16895,"GO:0001658;GO:0060688;GO:0090183;GO:1905330;GO:2000027"
"query_1",TRUE,0.00285478983342824,21,958,6,0.00626304801670146,0.285714285714286,"GO:0061377","GO:BP","mammary gland lobule development",20972,14364,"GO:0030879;GO:0048856"
"query_1",TRUE,0.00285478983342824,21,958,6,0.00626304801670146,0.285714285714286,"GO:0060749","GO:BP","mammary gland alveolus development",20972,13880,"GO:0048856;GO:0061377"
"query_1",TRUE,0.00287127049924076,104,958,14,0.0146137787056367,0.134615384615385,"GO:0002526","GO:BP","acute inflammatory response",20972,1006,"GO:0006954"
"query_1",TRUE,0.00288195062620806,169,958,19,0.0198329853862213,0.112426035502959,"GO:1990138","GO:BP","neuron projection extension",20972,23249,"GO:0048588;GO:0048812;GO:0060560"
"query_1",TRUE,0.00289879085234739,69,958,11,0.011482254697286,0.159420289855072,"GO:0070373","GO:BP","negative regulation of ERK1 and ERK2 cascade",20972,14977,"GO:0043409;GO:0070371;GO:0070372"
"query_1",TRUE,0.00293387090090919,14,958,5,0.00521920668058455,0.357142857142857,"GO:0002934","GO:BP","desmosome organization",20972,1396,"GO:0045216"
"query_1",TRUE,0.00293387090090919,14,958,5,0.00521920668058455,0.357142857142857,"GO:0016322","GO:BP","neuron remodeling",20972,4952,"GO:0042551"
"query_1",TRUE,0.00293387090090919,14,958,5,0.00521920668058455,0.357142857142857,"GO:0051764","GO:BP","actin crosslink formation",20972,12997,"GO:0007015"
"query_1",TRUE,0.00293387090090919,14,958,5,0.00521920668058455,0.357142857142857,"GO:0099159","GO:BP","regulation of modification of postsynaptic structure",20972,17829,"GO:0099010;GO:1905244"
"query_1",TRUE,0.0029751078367767,156,958,18,0.0187891440501044,0.115384615384615,"GO:0048639","GO:BP","positive regulation of developmental growth",20972,12048,"GO:0045927;GO:0048589;GO:0048638;GO:0051094"
"query_1",TRUE,0.00302746156939125,226,958,23,0.0240083507306889,0.101769911504425,"GO:0090257","GO:BP","regulation of muscle system process",20972,16941,"GO:0003012;GO:0044057"
"query_1",TRUE,0.00302948277351379,270,958,26,0.0271398747390397,0.0962962962962963,"GO:0090092","GO:BP","regulation of transmembrane receptor protein serine/threonine kinase signaling pathway",20972,16820,"GO:0007178;GO:0009966"
"query_1",TRUE,0.00303146517423281,393,958,34,0.0354906054279749,0.0865139949109415,"GO:0032102","GO:BP","negative regulation of response to external stimulus",20972,6888,"GO:0009605;GO:0032101;GO:0048585"
"query_1",TRUE,0.00304127478310802,572,958,45,0.046972860125261,0.0786713286713287,"GO:0002694","GO:BP","regulation of leukocyte activation",20972,1166,"GO:0002682;GO:0045321;GO:0050865"
"query_1",TRUE,0.00305118369144966,425,958,36,0.0375782881002088,0.0847058823529412,"GO:1903706","GO:BP","regulation of hemopoiesis",20972,21591,"GO:0002682;GO:0030097;GO:0060284;GO:2000026"
"query_1",TRUE,0.00309136130242883,241,958,24,0.0250521920668058,0.0995850622406639,"GO:0042445","GO:BP","hormone metabolic process",20972,9532,"GO:0008152;GO:0010817"
"query_1",TRUE,0.00309136130242883,81,958,12,0.0125260960334029,0.148148148148148,"GO:0001570","GO:BP","vasculogenesis",20972,343,"GO:0030154;GO:0048514"
"query_1",TRUE,0.00309136130242883,81,958,12,0.0125260960334029,0.148148148148148,"GO:0033273","GO:BP","response to vitamin",20972,7579,"GO:0007584"
"query_1",TRUE,0.00315839299547288,93,958,13,0.0135699373695198,0.139784946236559,"GO:0021675","GO:BP","nerve development",20972,5850,"GO:0007399;GO:0048856"
"query_1",TRUE,0.00316771340651578,77,539,14,0.025974025974026,0.181818181818182,"KEGG:05100","KEGG","Bacterial invasion of epithelial cells",8716,439,"KEGG:00000"
"query_1",TRUE,0.00317733345596904,971,958,68,0.0709812108559499,0.0700308959835221,"GO:0046903","GO:BP","secretion",20972,11589,"GO:0006810"
"query_1",TRUE,0.00323056948605398,60,539,12,0.0222634508348794,0.2,"KEGG:04978","KEGG","Mineral absorption",8716,423,"KEGG:00000"
"query_1",TRUE,0.00323056948605398,157,539,22,0.0408163265306122,0.140127388535032,"KEGG:04390","KEGG","Hippo signaling pathway",8716,320,"KEGG:00000"
"query_1",TRUE,0.00326386156772533,242,958,24,0.0250521920668058,0.0991735537190083,"GO:0060047","GO:BP","heart contraction",20972,13333,"GO:0003015;GO:0008015"
"query_1",TRUE,0.00326386156772533,171,958,19,0.0198329853862213,0.111111111111111,"GO:0071772","GO:BP","response to BMP",20972,15759,"GO:0070848"
"query_1",TRUE,0.00326386156772533,171,958,19,0.0198329853862213,0.111111111111111,"GO:0071773","GO:BP","cellular response to BMP stimulus",20972,15760,"GO:0071363;GO:0071772"
"query_1",TRUE,0.00330990436618721,625,958,48,0.0501043841336117,0.0768,"GO:0007423","GO:BP","sensory organ development",20972,2782,"GO:0048513"
"query_1",TRUE,0.00330990436618721,302,958,28,0.0292275574112735,0.0927152317880795,"GO:0032943","GO:BP","mononuclear cell proliferation",20972,7416,"GO:0070661"
"query_1",TRUE,0.00339154447736314,106,958,14,0.0146137787056367,0.132075471698113,"GO:1990266","GO:BP","neutrophil migration",20972,23285,"GO:0097530"
"query_1",TRUE,0.00339154447736314,106,958,14,0.0146137787056367,0.132075471698113,"GO:0010586","GO:BP","miRNA metabolic process",20972,4048,"GO:0016070"
"query_1",TRUE,0.00355823396716561,132,958,16,0.0167014613778706,0.121212121212121,"GO:0050868","GO:BP","negative regulation of T cell activation",20972,12453,"GO:0042110;GO:0050863;GO:0051250;GO:1903038"
"query_1",TRUE,0.00357335515379951,429,958,36,0.0375782881002088,0.0839160839160839,"GO:0048880","GO:BP","sensory system development",20972,12267,"GO:0048731"
"query_1",TRUE,0.0036154087235074,60,958,10,0.0104384133611691,0.166666666666667,"GO:0061005","GO:BP","cell differentiation involved in kidney development",20972,14075,"GO:0001822;GO:0030154"
"query_1",TRUE,0.0036154087235074,60,958,10,0.0104384133611691,0.166666666666667,"GO:0051145","GO:BP","smooth muscle cell differentiation",20972,12642,"GO:0042692"
"query_1",TRUE,0.0036154087235074,22,958,6,0.00626304801670146,0.272727272727273,"GO:0060445","GO:BP","branching involved in salivary gland morphogenesis",20972,13648,"GO:0007435;GO:0061138"
"query_1",TRUE,0.0036154087235074,71,958,11,0.011482254697286,0.154929577464789,"GO:0061180","GO:BP","mammary gland epithelium development",20972,14217,"GO:0030879;GO:0060429"
"query_1",TRUE,0.0036154087235074,60,958,10,0.0104384133611691,0.166666666666667,"GO:0007566","GO:BP","embryo implantation",20972,2904,"GO:0007275;GO:0007565;GO:0022414"
"query_1",TRUE,0.00363346952970816,159,958,18,0.0187891440501044,0.113207547169811,"GO:0071453","GO:BP","cellular response to oxygen levels",20972,15549,"GO:0070482;GO:0070887"
"query_1",TRUE,0.00363786332544157,215,958,22,0.022964509394572,0.102325581395349,"GO:0016485","GO:BP","protein processing",20972,4981,"GO:0006508;GO:0051604"
"query_1",TRUE,0.00367300008895005,4,958,3,0.00313152400835073,0.75,"GO:0019747","GO:BP","regulation of isoprenoid metabolic process",20972,5627,"GO:0006720;GO:0019216"
"query_1",TRUE,0.00367300008895005,107,958,14,0.0146137787056367,0.130841121495327,"GO:0048144","GO:BP","fibroblast proliferation",20972,11700,"GO:0008283"
"query_1",TRUE,0.00367300008895005,4,958,3,0.00313152400835073,0.75,"GO:0071395","GO:BP","cellular response to jasmonic acid stimulus",20972,15511,"GO:0009753;GO:0032870;GO:0071398"
"query_1",TRUE,0.00367300008895005,4,958,3,0.00313152400835073,0.75,"GO:0038189","GO:BP","neuropilin signaling pathway",20972,9132,"GO:0007166"
"query_1",TRUE,0.00367300008895005,4,958,3,0.00313152400835073,0.75,"GO:0072086","GO:BP","specification of loop of Henle identity",20972,15965,"GO:0072070;GO:0072081"
"query_1",TRUE,0.00367300008895005,4,958,3,0.00313152400835073,0.75,"GO:0002414","GO:BP","immunoglobulin transcytosis in epithelial cells",20972,897,"GO:0045056"
"query_1",TRUE,0.00367300008895005,4,958,3,0.00313152400835073,0.75,"GO:0009753","GO:BP","response to jasmonic acid",20972,3490,"GO:0009725;GO:0070542"
"query_1",TRUE,0.00367300008895005,201,958,21,0.0219206680584551,0.104477611940299,"GO:0007623","GO:BP","circadian rhythm",20972,2940,"GO:0048511"
"query_1",TRUE,0.00367300008895005,107,958,14,0.0146137787056367,0.130841121495327,"GO:0060840","GO:BP","artery development",20972,13942,"GO:0001568"
"query_1",TRUE,0.00369355045610234,801,958,58,0.0605427974947808,0.0724094881398252,"GO:0006508","GO:BP","proteolysis",20972,2123,"GO:0019538"
"query_1",TRUE,0.00382701898781186,260,958,25,0.0260960334029228,0.0961538461538462,"GO:0010721","GO:BP","negative regulation of cell development",20972,4153,"GO:0045596;GO:0048468;GO:0060284"
"query_1",TRUE,0.0038312409834472,40,958,8,0.00835073068893528,0.2,"GO:0072210","GO:BP","metanephric nephron development",20972,16078,"GO:0001656;GO:0072006"
"query_1",TRUE,0.00384903040855371,160,958,18,0.0187891440501044,0.1125,"GO:0035265","GO:BP","organ growth",20972,8352,"GO:0032501;GO:0048589"
"query_1",TRUE,0.0039269303208118,497,958,40,0.0417536534446764,0.0804828973843058,"GO:0044089","GO:BP","positive regulation of cellular component biogenesis",20972,10214,"GO:0044085;GO:0044087;GO:0048522"
"query_1",TRUE,0.003978883736358,72,958,11,0.011482254697286,0.152777777777778,"GO:0032835","GO:BP","glomerulus development",20972,7347,"GO:0048856;GO:0072006"
"query_1",TRUE,0.00399098757486434,15,958,5,0.00521920668058455,0.333333333333333,"GO:0031952","GO:BP","regulation of protein autophosphorylation",20972,6834,"GO:0001932;GO:0046777"
"query_1",TRUE,0.00399743065539441,717,958,53,0.0553235908141962,0.0739191073919107,"GO:0008610","GO:BP","lipid biosynthetic process",20972,3066,"GO:0006629;GO:0009058"
"query_1",TRUE,0.00402575176243764,31,958,7,0.00730688935281837,0.225806451612903,"GO:0040036","GO:BP","regulation of fibroblast growth factor receptor signaling pathway",20972,9287,"GO:0008543;GO:0009966;GO:0090287"
"query_1",TRUE,0.00402779799139867,61,958,10,0.0104384133611691,0.163934426229508,"GO:0090303","GO:BP","positive regulation of wound healing",20972,16981,"GO:0042060;GO:0061041;GO:1903036"
"query_1",TRUE,0.00402779799139867,61,958,10,0.0104384133611691,0.163934426229508,"GO:0036006","GO:BP","cellular response to macrophage colony-stimulating factor stimulus",20972,8777,"GO:0036005;GO:0071345"
"query_1",TRUE,0.00404834969279092,89,539,15,0.0278293135435993,0.168539325842697,"KEGG:05323","KEGG","Rheumatoid arthritis",8716,501,"KEGG:00000"
"query_1",TRUE,0.00405772464350035,121,958,15,0.0156576200417537,0.12396694214876,"GO:1902414","GO:BP","protein localization to cell junction",20972,20741,"GO:0008104"
"query_1",TRUE,0.00405772464350035,121,958,15,0.0156576200417537,0.12396694214876,"GO:0030278","GO:BP","regulation of ossification",20972,6315,"GO:0001503;GO:0051239"
"query_1",TRUE,0.00408350329608194,433,958,36,0.0375782881002088,0.0831408775981524,"GO:0051223","GO:BP","regulation of protein transport",20972,12679,"GO:0015031;GO:0051049;GO:0070201"
"query_1",TRUE,0.00411186978269179,84,958,12,0.0125260960334029,0.142857142857143,"GO:0035023","GO:BP","regulation of Rho protein signal transduction",20972,8190,"GO:0007266;GO:0051056"
"query_1",TRUE,0.00414622666063762,189,958,20,0.0208768267223382,0.105820105820106,"GO:0070374","GO:BP","positive regulation of ERK1 and ERK2 cascade",20972,14978,"GO:0043410;GO:0070371;GO:0070372"
"query_1",TRUE,0.00414622666063762,175,958,19,0.0198329853862213,0.108571428571429,"GO:0007009","GO:BP","plasma membrane organization",20972,2488,"GO:0010256;GO:0061024"
"query_1",TRUE,0.00420101183369979,262,958,25,0.0260960334029228,0.0954198473282443,"GO:0110053","GO:BP","regulation of actin filament organization",20972,18115,"GO:0007015;GO:0032956;GO:1902903"
"query_1",TRUE,0.00430986373576981,308,958,28,0.0292275574112735,0.0909090909090909,"GO:0032868","GO:BP","response to insulin",20972,7353,"GO:0043434"
"query_1",TRUE,0.00435665248498077,19,644,7,0.0108695652173913,0.368421052631579,"REAC:R-HSA-9694614","REAC","Attachment and Entry",11056,196,"REAC:R-HSA-9772572"
"query_1",TRUE,0.00435665248498077,19,644,7,0.0108695652173913,0.368421052631579,"REAC:R-HSA-2028269","REAC","Signaling by Hippo",11056,2356,"REAC:R-HSA-162582"
"query_1",TRUE,0.00436420701017058,135,958,16,0.0167014613778706,0.118518518518519,"GO:0071456","GO:BP","cellular response to hypoxia",20972,15552,"GO:0001666;GO:0033554;GO:0036294"
"query_1",TRUE,0.00437635960207499,51,958,9,0.00939457202505219,0.176470588235294,"GO:0035850","GO:BP","epithelial cell differentiation involved in kidney development",20972,8688,"GO:0030855;GO:0061005"
"query_1",TRUE,0.00439790987356265,9,958,4,0.00417536534446764,0.444444444444444,"GO:0060426","GO:BP","lung vasculature development",20972,13629,"GO:0001944;GO:0030324"
"query_1",TRUE,0.00439790987356265,9,958,4,0.00417536534446764,0.444444444444444,"GO:0006930","GO:BP","substrate-dependent cell migration, cell extension",20972,2438,"GO:0006929;GO:0120031"
"query_1",TRUE,0.00439800602683304,190,958,20,0.0208768267223382,0.105263157894737,"GO:0055001","GO:BP","muscle cell development",20972,13215,"GO:0042692;GO:0048468"
"query_1",TRUE,0.00443458817062845,8538,958,440,0.45929018789144,0.0515343171702975,"GO:0071840","GO:BP","cellular component organization or biogenesis",20972,15796,"GO:0009987"
"query_1",TRUE,0.00443748191966043,23,958,6,0.00626304801670146,0.260869565217391,"GO:1903672","GO:BP","positive regulation of sprouting angiogenesis",20972,21565,"GO:0002040;GO:0045766;GO:1903670"
"query_1",TRUE,0.00443748191966043,23,958,6,0.00626304801670146,0.260869565217391,"GO:0001759","GO:BP","organ induction",20972,414,"GO:0003156;GO:0010092;GO:0031128;GO:0110110"
"query_1",TRUE,0.00443748191966043,23,958,6,0.00626304801670146,0.260869565217391,"GO:2000047","GO:BP","regulation of cell-cell adhesion mediated by cadherin",20972,23556,"GO:0022407;GO:0044331"
"query_1",TRUE,0.00443748191966043,23,958,6,0.00626304801670146,0.260869565217391,"GO:0014912","GO:BP","negative regulation of smooth muscle cell migration",20972,4554,"GO:0014909;GO:0014910;GO:0030336"
"query_1",TRUE,0.00443748191966043,23,958,6,0.00626304801670146,0.260869565217391,"GO:0038128","GO:BP","ERBB2 signaling pathway",20972,9090,"GO:0038127"
"query_1",TRUE,0.00443748191966043,23,958,6,0.00626304801670146,0.260869565217391,"GO:0060444","GO:BP","branching involved in mammary gland duct morphogenesis",20972,13647,"GO:0048754;GO:0060603"
"query_1",TRUE,0.00449573736076556,1167,958,78,0.081419624217119,0.0668380462724936,"GO:0033043","GO:BP","regulation of organelle organization",20972,7482,"GO:0006996;GO:0051128"
"query_1",TRUE,0.00465074266693674,110,958,14,0.0146137787056367,0.127272727272727,"GO:0016525","GO:BP","negative regulation of angiogenesis",20972,4985,"GO:0001525;GO:0045765;GO:2000181"
"query_1",TRUE,0.00468483871447672,310,958,28,0.0292275574112735,0.0903225806451613,"GO:0046394","GO:BP","carboxylic acid biosynthetic process",20972,11314,"GO:0016053;GO:0019752"
"query_1",TRUE,0.00469817821674343,123,958,15,0.0156576200417537,0.121951219512195,"GO:0042633","GO:BP","hair cycle",20972,9612,"GO:0042303"
"query_1",TRUE,0.00469817821674343,123,958,15,0.0156576200417537,0.121951219512195,"GO:0042303","GO:BP","molting cycle",20972,9427,"GO:0032501"
"query_1",TRUE,0.00475672153412349,295,958,27,0.0281837160751566,0.0915254237288136,"GO:0046651","GO:BP","lymphocyte proliferation",20972,11449,"GO:0032943;GO:0046649"
"query_1",TRUE,0.00476029983766364,32,958,7,0.00730688935281837,0.21875,"GO:0034311","GO:BP","diol metabolic process",20972,7992,"GO:0019751"
"query_1",TRUE,0.00476029983766364,32,958,7,0.00730688935281837,0.21875,"GO:0061036","GO:BP","positive regulation of cartilage development",20972,14099,"GO:0051094;GO:0051216;GO:0051240;GO:0061035"
"query_1",TRUE,0.00477239338258677,38,539,9,0.0166975881261596,0.236842105263158,"KEGG:04960","KEGG","Aldosterone-regulated sodium reabsorption",8716,410,"KEGG:00000"
"query_1",TRUE,0.00484340540962674,74,958,11,0.011482254697286,0.148648648648649,"GO:0042130","GO:BP","negative regulation of T cell proliferation",20972,9343,"GO:0042098;GO:0042129;GO:0050672;GO:0050868"
"query_1",TRUE,0.00492350464365819,422,958,35,0.0365344467640919,0.0829383886255924,"GO:0150063","GO:BP","visual system development",20972,18869,"GO:0048880"
"query_1",TRUE,0.0049311547702318,52,958,9,0.00939457202505219,0.173076923076923,"GO:0048286","GO:BP","lung alveolus development",20972,11783,"GO:0030324;GO:0048856"
"query_1",TRUE,0.0049311547702318,52,958,9,0.00939457202505219,0.173076923076923,"GO:0071622","GO:BP","regulation of granulocyte chemotaxis",20972,15661,"GO:0002688;GO:0071621"
"query_1",TRUE,0.0049311547702318,164,958,18,0.0187891440501044,0.109756097560976,"GO:0061351","GO:BP","neural precursor cell proliferation",20972,14343,"GO:0008283"
"query_1",TRUE,0.00500966572436527,63,958,10,0.0104384133611691,0.158730158730159,"GO:0035791","GO:BP","platelet-derived growth factor receptor-beta signaling pathway",20972,8654,"GO:0048008"
"query_1",TRUE,0.00500966572436527,111,958,14,0.0146137787056367,0.126126126126126,"GO:1902106","GO:BP","negative regulation of leukocyte differentiation",20972,20533,"GO:0002521;GO:1902105;GO:1903707"
"query_1",TRUE,0.00500966572436527,63,958,10,0.0104384133611691,0.158730158730159,"GO:0038065","GO:BP","collagen-activated signaling pathway",20972,9058,"GO:0007166"
"query_1",TRUE,0.00500966572436527,111,958,14,0.0146137787056367,0.126126126126126,"GO:2000181","GO:BP","negative regulation of blood vessel morphogenesis",20972,23652,"GO:0022603;GO:0048514;GO:1901343"
"query_1",TRUE,0.0050148040924618,1375,958,89,0.092901878914405,0.0647272727272727,"GO:0046907","GO:BP","intracellular transport",20972,11590,"GO:0006810;GO:0051641;GO:0051649"
"query_1",TRUE,0.00518282702220857,2584,958,152,0.15866388308977,0.0588235294117647,"GO:0051641","GO:BP","cellular localization",20972,12930,"GO:0009987;GO:0051179"
"query_1",TRUE,0.0052616885032489,16,958,5,0.00521920668058455,0.3125,"GO:0040037","GO:BP","negative regulation of fibroblast growth factor receptor signaling pathway",20972,9288,"GO:0008543;GO:0009968;GO:0040036;GO:0090288"
"query_1",TRUE,0.0052616885032489,506,958,40,0.0417536534446764,0.0790513833992095,"GO:0051249","GO:BP","regulation of lymphocyte activation",20972,12698,"GO:0002694;GO:0046649"
"query_1",TRUE,0.0052616885032489,99,958,13,0.0135699373695198,0.131313131313131,"GO:0001942","GO:BP","hair follicle development",20972,541,"GO:0022405;GO:0048856;GO:0098773"
"query_1",TRUE,0.0052616885032489,16,958,5,0.00521920668058455,0.3125,"GO:0060572","GO:BP","morphogenesis of an epithelial bud",20972,13744,"GO:0060571"
"query_1",TRUE,0.00531062971141706,313,958,28,0.0292275574112735,0.0894568690095847,"GO:0016053","GO:BP","organic acid biosynthetic process",20972,4843,"GO:0006082;GO:0044283"
"query_1",TRUE,0.00540132001071817,87,958,12,0.0125260960334029,0.137931034482759,"GO:0001843","GO:BP","neural tube closure",20972,487,"GO:0014020;GO:0060606"
"query_1",TRUE,0.00541056104464718,329,958,29,0.0302713987473904,0.088145896656535,"GO:1902105","GO:BP","regulation of leukocyte differentiation",20972,20532,"GO:0002521;GO:1903706"
"query_1",TRUE,0.00541568804326668,112,958,14,0.0146137787056367,0.125,"GO:1901343","GO:BP","negative regulation of vasculature development",20972,20014,"GO:0001944;GO:0051093;GO:0051241;GO:1901342"
"query_1",TRUE,0.00547644027430981,345,958,30,0.0313152400835073,0.0869565217391304,"GO:0002237","GO:BP","response to molecule of bacterial origin",20972,748,"GO:0009617;GO:0043207"
"query_1",TRUE,0.00548807077356238,194,958,20,0.0208768267223382,0.103092783505155,"GO:0071466","GO:BP","cellular response to xenobiotic stimulus",20972,15561,"GO:0009410;GO:0070887"
"query_1",TRUE,0.0056053449821204,64,958,10,0.0104384133611691,0.15625,"GO:0051058","GO:BP","negative regulation of small GTPase mediated signal transduction",20972,12597,"GO:0007264;GO:0051056;GO:1902532"
"query_1",TRUE,0.00562493609475884,33,958,7,0.00730688935281837,0.212121212121212,"GO:0032570","GO:BP","response to progesterone",20972,7141,"GO:0048545;GO:1901654"
"query_1",TRUE,0.00562493609475884,33,958,7,0.00730688935281837,0.212121212121212,"GO:0060795","GO:BP","cell fate commitment involved in formation of primary germ layer",20972,13922,"GO:0001704;GO:0045165"
"query_1",TRUE,0.00562493609475884,33,958,7,0.00730688935281837,0.212121212121212,"GO:0048333","GO:BP","mesodermal cell differentiation",20972,11825,"GO:0001707;GO:0030154"
"query_1",TRUE,0.00568242640728643,139,958,16,0.0167014613778706,0.115107913669065,"GO:0046165","GO:BP","alcohol biosynthetic process",20972,11147,"GO:0006066;GO:0044283"
"query_1",TRUE,0.00568242640728643,139,958,16,0.0167014613778706,0.115107913669065,"GO:0017015","GO:BP","regulation of transforming growth factor beta receptor signaling pathway",20972,5024,"GO:0007179;GO:0090092;GO:1903844"
"query_1",TRUE,0.00568242640728643,139,958,16,0.0167014613778706,0.115107913669065,"GO:0060048","GO:BP","cardiac muscle contraction",20972,13334,"GO:0006941;GO:0060047"
"query_1",TRUE,0.00568242640728643,139,958,16,0.0167014613778706,0.115107913669065,"GO:0018108","GO:BP","peptidyl-tyrosine phosphorylation",20972,5072,"GO:0006468;GO:0018212"
"query_1",TRUE,0.00569200400044899,100,958,13,0.0135699373695198,0.13,"GO:0110020","GO:BP","regulation of actomyosin structure organization",20972,18089,"GO:0031032;GO:0032956"
"query_1",TRUE,0.00575980512194545,315,958,28,0.0292275574112735,0.0888888888888889,"GO:0007249","GO:BP","canonical NF-kappaB signal transduction",20972,2648,"GO:0141124"
"query_1",TRUE,0.00579204087425701,269,958,25,0.0260960334029228,0.0929368029739777,"GO:0070663","GO:BP","regulation of leukocyte proliferation",20972,15121,"GO:0042127;GO:0070661"
"query_1",TRUE,0.00583772476367068,153,958,17,0.0177453027139875,0.111111111111111,"GO:0050729","GO:BP","positive regulation of inflammatory response",20972,12369,"GO:0006954;GO:0031349;GO:0032103;GO:0050727"
"query_1",TRUE,0.00584425755455846,88,958,12,0.0125260960334029,0.136363636363636,"GO:0060606","GO:BP","tube closure",20972,13772,"GO:0035148"
"query_1",TRUE,0.00584425755455846,543,958,42,0.0438413361169102,0.0773480662983425,"GO:0044057","GO:BP","regulation of system process",20972,10196,"GO:0003008;GO:0051239"
"query_1",TRUE,0.00584425755455846,88,958,12,0.0125260960334029,0.136363636363636,"GO:0048145","GO:BP","regulation of fibroblast proliferation",20972,11701,"GO:0042127;GO:0048144"
"query_1",TRUE,0.00584425755455846,43,958,8,0.00835073068893528,0.186046511627907,"GO:0048246","GO:BP","macrophage chemotaxis",20972,11759,"GO:0030595;GO:1905517"
"query_1",TRUE,0.00584425755455846,76,958,11,0.011482254697286,0.144736842105263,"GO:0048661","GO:BP","positive regulation of smooth muscle cell proliferation",20972,12070,"GO:0008284;GO:0048659;GO:0048660"
"query_1",TRUE,0.00586118855227514,167,958,18,0.0187891440501044,0.107784431137725,"GO:0006694","GO:BP","steroid biosynthetic process",20972,2278,"GO:0008202;GO:0008610"
"query_1",TRUE,0.00613694671440245,93,539,15,0.0278293135435993,0.161290322580645,"KEGG:04640","KEGG","Hematopoietic cell lineage",8716,346,"KEGG:00000"
"query_1",TRUE,0.00618831820543744,101,958,13,0.0135699373695198,0.128712871287129,"GO:0034109","GO:BP","homotypic cell-cell adhesion",20972,7855,"GO:0098609"
"query_1",TRUE,0.00621636586128528,155,644,22,0.0341614906832298,0.141935483870968,"REAC:R-HSA-9013148","REAC","CDC42 GTPase cycle",11056,284,"REAC:R-HSA-9012999"
"query_1",TRUE,0.00622561942067947,182,958,19,0.0198329853862213,0.104395604395604,"GO:0042129","GO:BP","regulation of T cell proliferation",20972,9342,"GO:0042098;GO:0050670;GO:0050863"
"query_1",TRUE,0.00623224646235159,127,958,15,0.0156576200417537,0.118110236220472,"GO:0045834","GO:BP","positive regulation of lipid metabolic process",20972,10877,"GO:0006629;GO:0009893;GO:0019216"
"query_1",TRUE,0.00623224646235159,127,958,15,0.0156576200417537,0.118110236220472,"GO:0008543","GO:BP","fibroblast growth factor receptor signaling pathway",20972,3051,"GO:0007169;GO:0044344"
"query_1",TRUE,0.00646816367114649,48,539,10,0.0185528756957328,0.208333333333333,"KEGG:00330","KEGG","Arginine and proline metabolism",8716,37,"KEGG:00000"
"query_1",TRUE,0.00647949263356518,77,958,11,0.011482254697286,0.142857142857143,"GO:0071277","GO:BP","cellular response to calcium ion",20972,15398,"GO:0051592;GO:0071248"
"query_1",TRUE,0.00651976894190353,141,958,16,0.0167014613778706,0.113475177304965,"GO:0018212","GO:BP","peptidyl-tyrosine modification",20972,5114,"GO:0018193"
"query_1",TRUE,0.00652430641472263,10,958,4,0.00417536534446764,0.4,"GO:1901329","GO:BP","regulation of odontoblast differentiation",20972,20001,"GO:0030856;GO:0071895"
"query_1",TRUE,0.00652430641472263,10,958,4,0.00417536534446764,0.4,"GO:0045657","GO:BP","positive regulation of monocyte differentiation",20972,10739,"GO:0002763;GO:0030224;GO:0045655"
"query_1",TRUE,0.0066855272645348,350,958,30,0.0313152400835073,0.0857142857142857,"GO:0050767","GO:BP","regulation of neurogenesis",20972,12382,"GO:0022008;GO:0051960;GO:0060284"
"query_1",TRUE,0.00669405961520224,25,958,6,0.00626304801670146,0.24,"GO:0060571","GO:BP","morphogenesis of an epithelial fold",20972,13743,"GO:0002009"
"query_1",TRUE,0.00669405961520224,25,958,6,0.00626304801670146,0.24,"GO:0072311","GO:BP","glomerular epithelial cell differentiation",20972,16168,"GO:0035850;GO:0072010"
"query_1",TRUE,0.00671491160930537,44,958,8,0.00835073068893528,0.181818181818182,"GO:1902692","GO:BP","regulation of neuroblast proliferation",20972,20906,"GO:0007405;GO:2000177"
"query_1",TRUE,0.00671491160930537,44,958,8,0.00835073068893528,0.181818181818182,"GO:0052547","GO:BP","regulation of peptidase activity",20972,13180,"GO:0030162;GO:0051336"
"query_1",TRUE,0.00683024487171902,198,958,20,0.0208768267223382,0.101010101010101,"GO:0071356","GO:BP","cellular response to tumor necrosis factor",20972,15472,"GO:0034612;GO:0071345"
"query_1",TRUE,0.00683024487171902,17,958,5,0.00521920668058455,0.294117647058824,"GO:0043117","GO:BP","positive regulation of vascular permeability",20972,9875,"GO:0043114"
"query_1",TRUE,0.00694139265701687,351,958,30,0.0313152400835073,0.0854700854700855,"GO:0071375","GO:BP","cellular response to peptide hormone stimulus",20972,15491,"GO:0032870;GO:0043434;GO:1901699;GO:1901701"
"query_1",TRUE,0.00695011126636779,142,958,16,0.0167014613778706,0.112676056338028,"GO:1903844","GO:BP","regulation of cellular response to transforming growth factor beta stimulus",20972,21683,"GO:0071560;GO:0090287"
"query_1",TRUE,0.00697458562433862,213,958,21,0.0219206680584551,0.0985915492957746,"GO:0050866","GO:BP","negative regulation of cell activation",20972,12451,"GO:0001775;GO:0048523;GO:0050865;GO:0051241"
"query_1",TRUE,0.00705388265875683,55,958,9,0.00939457202505219,0.163636363636364,"GO:0038145","GO:BP","macrophage colony-stimulating factor signaling pathway",20972,9099,"GO:0019221;GO:0036006"
"query_1",TRUE,0.00705388265875683,55,958,9,0.00939457202505219,0.163636363636364,"GO:0043536","GO:BP","positive regulation of blood vessel endothelial cell migration",20972,10077,"GO:0010595;GO:0043534;GO:0043535"
"query_1",TRUE,0.00706343494308103,243,958,23,0.0240083507306889,0.0946502057613169,"GO:0032944","GO:BP","regulation of mononuclear cell proliferation",20972,7417,"GO:0032943;GO:0070663"
"query_1",TRUE,0.00737229401096876,214,958,21,0.0219206680584551,0.0981308411214953,"GO:0042098","GO:BP","T cell proliferation",20972,9326,"GO:0042110;GO:0046651"
"query_1",TRUE,0.00737229401096876,2688,958,156,0.162839248434238,0.0580357142857143,"GO:0006357","GO:BP","regulation of transcription by RNA polymerase II",20972,2026,"GO:0006355;GO:0006366"
"query_1",TRUE,0.00765210142589937,418,958,34,0.0354906054279749,0.0813397129186603,"GO:0001654","GO:BP","eye development",20972,355,"GO:0007423;GO:0150063"
"query_1",TRUE,0.00767880009902103,5,958,3,0.00313152400835073,0.6,"GO:1905605","GO:BP","positive regulation of blood-brain barrier permeability",20972,22958,"GO:0043117;GO:1905603"
"query_1",TRUE,0.00767880009902103,5,958,3,0.00313152400835073,0.6,"GO:0072047","GO:BP","proximal/distal pattern formation involved in nephron development",20972,15927,"GO:0009954;GO:0072006"
"query_1",TRUE,0.00767880009902103,5,958,3,0.00313152400835073,0.6,"GO:0038135","GO:BP","ERBB2-ERBB4 signaling pathway",20972,9095,"GO:0038128;GO:0038130"
"query_1",TRUE,0.00767880009902103,5,958,3,0.00313152400835073,0.6,"GO:0061550","GO:BP","cranial ganglion development",20972,14457,"GO:0021545;GO:0061548"
"query_1",TRUE,0.00767880009902103,4467,958,244,0.254697286012526,0.0546227893440788,"GO:0019538","GO:BP","protein metabolic process",20972,5499,"GO:0043170;GO:0044238"
"query_1",TRUE,0.00767880009902103,91,958,12,0.0125260960334029,0.131868131868132,"GO:0106027","GO:BP","neuron projection organization",20972,17972,"GO:0120036"
"query_1",TRUE,0.00767880009902103,45,958,8,0.00835073068893528,0.177777777777778,"GO:0031638","GO:BP","zymogen activation",20972,6785,"GO:0016485"
"query_1",TRUE,0.00767880009902103,5,958,3,0.00313152400835073,0.6,"GO:0071798","GO:BP","response to prostaglandin D",20972,15769,"GO:0034694;GO:0097305;GO:1901654"
"query_1",TRUE,0.00767880009902103,35,958,7,0.00730688935281837,0.2,"GO:0045601","GO:BP","regulation of endothelial cell differentiation",20972,10683,"GO:0030856;GO:0045446"
"query_1",TRUE,0.00767880009902103,5,958,3,0.00313152400835073,0.6,"GO:0071799","GO:BP","cellular response to prostaglandin D stimulus",20972,15770,"GO:0071379;GO:0071798;GO:0097306;GO:1901655"
"query_1",TRUE,0.00767880009902103,5,958,3,0.00313152400835073,0.6,"GO:0072081","GO:BP","specification of nephron tubule identity",20972,15961,"GO:0007379;GO:0072047;GO:0072079"
"query_1",TRUE,0.00767880009902103,35,958,7,0.00730688935281837,0.2,"GO:0030224","GO:BP","monocyte differentiation",20972,6293,"GO:0002573;GO:1903131"
"query_1",TRUE,0.00767880009902103,5,958,3,0.00313152400835073,0.6,"GO:0032474","GO:BP","otolith morphogenesis",20972,7093,"GO:0042472;GO:0048598;GO:0048840"
"query_1",TRUE,0.00767880009902103,5,958,3,0.00313152400835073,0.6,"GO:0030050","GO:BP","vesicle transport along actin filament",20972,6234,"GO:0030048;GO:0099515;GO:0099518"
"query_1",TRUE,0.00768371147483657,86,539,14,0.025974025974026,0.162790697674419,"KEGG:04610","KEGG","Complement and coagulation cascades",8716,333,"KEGG:00000"
"query_1",TRUE,0.00768371147483657,41,539,9,0.0166975881261596,0.219512195121951,"KEGG:05219","KEGG","Bladder cancer",8716,486,"KEGG:00000"
"query_1",TRUE,0.00773750247373402,79,958,11,0.011482254697286,0.139240506329114,"GO:0031016","GO:BP","pancreas development",20972,6546,"GO:0048513"
"query_1",TRUE,0.00773750247373402,79,958,11,0.011482254697286,0.139240506329114,"GO:0140962","GO:BP","multicellular organismal-level chemical homeostasis",20972,18703,"GO:0048871;GO:0048878"
"query_1",TRUE,0.0078622263052914,56,958,9,0.00939457202505219,0.160714285714286,"GO:0060135","GO:BP","maternal process involved in female pregnancy",20972,13401,"GO:0007565;GO:0048609"
"query_1",TRUE,0.0078622263052914,56,958,9,0.00939457202505219,0.160714285714286,"GO:0035790","GO:BP","platelet-derived growth factor receptor-alpha signaling pathway",20972,8653,"GO:0048008"
"query_1",TRUE,0.00792718981145247,158,958,17,0.0177453027139875,0.107594936708861,"GO:0120254","GO:BP","olefinic compound metabolic process",20972,18309,"GO:0008152"
"query_1",TRUE,0.00795564938788827,201,958,20,0.0208768267223382,0.0995024875621891,"GO:0050920","GO:BP","regulation of chemotaxis",20972,12499,"GO:0006935;GO:0032101;GO:0040012"
"query_1",TRUE,0.00801961248412534,26,958,6,0.00626304801670146,0.230769230769231,"GO:0048011","GO:BP","neurotrophin TRK receptor signaling pathway",20972,11623,"GO:0007169;GO:0038179"
"query_1",TRUE,0.00801961248412534,26,958,6,0.00626304801670146,0.230769230769231,"GO:0031639","GO:BP","plasminogen activation",20972,6786,"GO:0031638"
"query_1",TRUE,0.00801961248412534,26,958,6,0.00626304801670146,0.230769230769231,"GO:0072243","GO:BP","metanephric nephron epithelium development",20972,16110,"GO:0072009;GO:0072207"
"query_1",TRUE,0.00805900522895828,216,958,21,0.0219206680584551,0.0972222222222222,"GO:0034612","GO:BP","response to tumor necrosis factor",20972,8115,"GO:0034097"
"query_1",TRUE,0.00809781272273249,59,644,12,0.0186335403726708,0.203389830508475,"REAC:R-HSA-9013406","REAC","RHOQ GTPase cycle",11056,1944,"REAC:R-HSA-9012999"
"query_1",TRUE,0.00816663447634291,131,958,15,0.0156576200417537,0.114503816793893,"GO:0006805","GO:BP","xenobiotic metabolic process",20972,2359,"GO:0008152;GO:0071466"
"query_1",TRUE,0.0081804582064517,476,644,48,0.0745341614906832,0.100840336134454,"REAC:R-HSA-6798695","REAC","Neutrophil degranulation",11056,1661,"REAC:R-HSA-168249"
"query_1",TRUE,0.00839306522059673,118,958,14,0.0146137787056367,0.11864406779661,"GO:0019882","GO:BP","antigen processing and presentation",20972,5654,"GO:0002376"
"query_1",TRUE,0.00839306522059673,68,958,10,0.0104384133611691,0.147058823529412,"GO:0030193","GO:BP","regulation of blood coagulation",20972,6269,"GO:0007596;GO:0032101;GO:0050818;GO:0061041;GO:1900046"
"query_1",TRUE,0.00839306522059673,68,958,10,0.0104384133611691,0.147058823529412,"GO:0046847","GO:BP","filopodium assembly",20972,11559,"GO:0120031"
"query_1",TRUE,0.00839306522059673,68,958,10,0.0104384133611691,0.147058823529412,"GO:0060675","GO:BP","ureteric bud morphogenesis",20972,13822,"GO:0001657;GO:0072171"
"query_1",TRUE,0.00839995006839901,159,958,17,0.0177453027139875,0.106918238993711,"GO:0030010","GO:BP","establishment of cell polarity",20972,6215,"GO:0007163"
"query_1",TRUE,0.00840035954022937,105,958,13,0.0135699373695198,0.123809523809524,"GO:0048010","GO:BP","vascular endothelial growth factor receptor signaling pathway",20972,11622,"GO:0007169"
"query_1",TRUE,0.00844963869929974,80,958,11,0.011482254697286,0.1375,"GO:0097061","GO:BP","dendritic spine organization",20972,17252,"GO:0099173;GO:0106027"
"query_1",TRUE,0.00860098006170971,188,958,19,0.0198329853862213,0.101063829787234,"GO:0045580","GO:BP","regulation of T cell differentiation",20972,10662,"GO:0030217;GO:0045619;GO:0050863"
"query_1",TRUE,0.00860098006170971,18,958,5,0.00521920668058455,0.277777777777778,"GO:0002396","GO:BP","MHC protein complex assembly",20972,879,"GO:0065003"
"query_1",TRUE,0.00860098006170971,46,958,8,0.00835073068893528,0.173913043478261,"GO:1905521","GO:BP","regulation of macrophage migration",20972,22899,"GO:0071675;GO:1905517"
"query_1",TRUE,0.00860098006170971,46,958,8,0.00835073068893528,0.173913043478261,"GO:0010837","GO:BP","regulation of keratinocyte proliferation",20972,4240,"GO:0043616;GO:0050678"
"query_1",TRUE,0.00860098006170971,18,958,5,0.00521920668058455,0.277777777777778,"GO:0062099","GO:BP","negative regulation of programmed necrotic cell death",20972,14716,"GO:0043069;GO:0062098;GO:0097300"
"query_1",TRUE,0.00860098006170971,422,958,34,0.0354906054279749,0.0805687203791469,"GO:0003002","GO:BP","regionalization",20972,1407,"GO:0007389"
"query_1",TRUE,0.00860098006170971,18,958,5,0.00521920668058455,0.277777777777778,"GO:0097284","GO:BP","hepatocyte apoptotic process",20972,17353,"GO:1904019"
"query_1",TRUE,0.00860098006170971,18,958,5,0.00521920668058455,0.277777777777778,"GO:0002501","GO:BP","peptide antigen assembly with MHC protein complex",20972,982,"GO:0002396;GO:0048002;GO:0065003"
"query_1",TRUE,0.00867287686395266,132,958,15,0.0156576200417537,0.113636363636364,"GO:0034614","GO:BP","cellular response to reactive oxygen species",20972,8116,"GO:0000302;GO:0034599;GO:1901701"
"query_1",TRUE,0.00886579438588262,523,958,40,0.0417536534446764,0.0764818355640535,"GO:1903131","GO:BP","mononuclear cell differentiation",20972,21205,"GO:0002521"
"query_1",TRUE,0.00886579438588262,93,958,12,0.0125260960334029,0.129032258064516,"GO:2000177","GO:BP","regulation of neural precursor cell proliferation",20972,23648,"GO:0042127;GO:0061351"
"query_1",TRUE,0.00886579438588262,233,958,22,0.022964509394572,0.0944206008583691,"GO:0034599","GO:BP","cellular response to oxidative stress",20972,8109,"GO:0006979;GO:0062197"
"query_1",TRUE,0.00886579438588262,93,958,12,0.0125260960334029,0.129032258064516,"GO:0014020","GO:BP","primary neural tube formation",20972,4377,"GO:0001838;GO:0001841"
"query_1",TRUE,0.00894278877228587,229,539,27,0.0500927643784787,0.117903930131004,"KEGG:04810","KEGG","Regulation of actin cytoskeleton",8716,378,"KEGG:00000"
"query_1",TRUE,0.00914910933499076,11,958,4,0.00417536534446764,0.363636363636364,"GO:0060742","GO:BP","epithelial cell differentiation involved in prostate gland development",20972,13873,"GO:0003006;GO:0030850;GO:0030855"
"query_1",TRUE,0.00914910933499076,11,958,4,0.00417536534446764,0.363636363636364,"GO:0042428","GO:BP","serotonin metabolic process",20972,9517,"GO:0018958;GO:0042430"
"query_1",TRUE,0.00914910933499076,11,958,4,0.00417536534446764,0.363636363636364,"GO:0090311","GO:BP","regulation of protein deacetylation",20972,16986,"GO:0006476;GO:0031399"
"query_1",TRUE,0.00914910933499076,11,958,4,0.00417536534446764,0.363636363636364,"GO:0061140","GO:BP","lung secretory cell differentiation",20972,14188,"GO:0060487"
"query_1",TRUE,0.00914910933499076,11,958,4,0.00417536534446764,0.363636363636364,"GO:0033085","GO:BP","negative regulation of T cell differentiation in thymus",20972,7509,"GO:0033077;GO:0033081;GO:0045581"
"query_1",TRUE,0.00916586395799849,1184,958,77,0.0803757828810021,0.0650337837837838,"GO:0010628","GO:BP","positive regulation of gene expression",20972,4087,"GO:0010467;GO:0010468;GO:0010557"
"query_1",TRUE,0.00917789742911445,69,958,10,0.0104384133611691,0.144927536231884,"GO:0072171","GO:BP","mesonephric tubule morphogenesis",20972,16042,"GO:0072078;GO:0072164"
"query_1",TRUE,0.00920012081505434,204,958,20,0.0208768267223382,0.0980392156862745,"GO:0033674","GO:BP","positive regulation of kinase activity",20972,7788,"GO:0042327;GO:0043085;GO:0043549"
"query_1",TRUE,0.00940505245763926,147,958,16,0.0167014613778706,0.108843537414966,"GO:0055123","GO:BP","digestive system development",20972,13285,"GO:0048731"
"query_1",TRUE,0.00954028132177191,27,958,6,0.00626304801670146,0.222222222222222,"GO:0001702","GO:BP","gastrulation with mouth forming second",20972,381,"GO:0007369"
"query_1",TRUE,0.00954028132177191,27,958,6,0.00626304801670146,0.222222222222222,"GO:0002053","GO:BP","positive regulation of mesenchymal cell proliferation",20972,633,"GO:0008284;GO:0010463;GO:0010464"
"query_1",TRUE,0.00954028132177191,27,958,6,0.00626304801670146,0.222222222222222,"GO:0006929","GO:BP","substrate-dependent cell migration",20972,2437,"GO:0016477"
"query_1",TRUE,0.00971257914230291,107,958,13,0.0135699373695198,0.121495327102804,"GO:0030038","GO:BP","contractile actin filament bundle assembly",20972,6226,"GO:0051017"
"query_1",TRUE,0.00971257914230291,107,958,13,0.0135699373695198,0.121495327102804,"GO:0043149","GO:BP","stress fiber assembly",20972,9888,"GO:0030038;GO:0031032"
"query_1",TRUE,0.00972478294606101,47,958,8,0.00835073068893528,0.170212765957447,"GO:0019884","GO:BP","antigen processing and presentation of exogenous antigen",20972,5656,"GO:0019882"
"query_1",TRUE,0.00992540157703965,377,958,31,0.0323590814196242,0.0822281167108753,"GO:1902903","GO:BP","regulation of supramolecular fiber organization",20972,21051,"GO:0051128;GO:0097435"
"query_1",TRUE,0.00997092345843914,162,958,17,0.0177453027139875,0.104938271604938,"GO:0006937","GO:BP","regulation of muscle contraction",20972,2445,"GO:0006936;GO:0090257"
"query_1",TRUE,0.0100395060368966,82,958,11,0.011482254697286,0.134146341463415,"GO:0030593","GO:BP","neutrophil chemotaxis",20972,6416,"GO:0071621;GO:1990266"
"query_1",TRUE,0.0100574731502003,191,958,19,0.0198329853862213,0.0994764397905759,"GO:0002695","GO:BP","negative regulation of leukocyte activation",20972,1167,"GO:0002683;GO:0002694;GO:0045321;GO:0050866"
"query_1",TRUE,0.0100574731502003,914,958,62,0.0647181628392484,0.0678336980306346,"GO:0140352","GO:BP","export from cell",20972,18502,"GO:0006810;GO:0009987"
"query_1",TRUE,0.0101183890300721,70,958,10,0.0104384133611691,0.142857142857143,"GO:1900046","GO:BP","regulation of hemostasis",20972,19124,"GO:0007599;GO:0050789;GO:0050878"
"query_1",TRUE,0.0101406102914875,282,958,25,0.0260960334029228,0.0886524822695035,"GO:1904951","GO:BP","positive regulation of establishment of protein localization",20972,22495,"GO:0045184;GO:0048518;GO:0070201"
"query_1",TRUE,0.0101902492790757,37,958,7,0.00730688935281837,0.189189189189189,"GO:0003161","GO:BP","cardiac conduction system development",20972,1534,"GO:0048738"
"query_1",TRUE,0.0101902492790757,236,958,22,0.022964509394572,0.0932203389830508,"GO:0043583","GO:BP","ear development",20972,10107,"GO:0007423"
"query_1",TRUE,0.0101902492790757,37,958,7,0.00730688935281837,0.189189189189189,"GO:0099563","GO:BP","modification of synaptic structure",20972,17895,"GO:0050808"
"query_1",TRUE,0.010810142031642,222,958,21,0.0219206680584551,0.0945945945945946,"GO:0009743","GO:BP","response to carbohydrate",20972,3480,"GO:1901700"
"query_1",TRUE,0.0108349594737209,59,958,9,0.00939457202505219,0.152542372881356,"GO:0045620","GO:BP","negative regulation of lymphocyte differentiation",20972,10702,"GO:0030098;GO:0045619;GO:0051250;GO:1902106"
"query_1",TRUE,0.0108349594737209,19,958,5,0.00521920668058455,0.263157894736842,"GO:0097501","GO:BP","stress response to metal ion",20972,17457,"GO:0006950;GO:0010038"
"query_1",TRUE,0.0108349594737209,59,958,9,0.00939457202505219,0.152542372881356,"GO:0038063","GO:BP","collagen-activated tyrosine kinase receptor signaling pathway",20972,9057,"GO:0007169;GO:0038065"
"query_1",TRUE,0.0109672572563921,178,958,18,0.0187891440501044,0.101123595505618,"GO:0048771","GO:BP","tissue remodeling",20972,12170,"GO:0032501"
"query_1",TRUE,0.0111684799673133,71,958,10,0.0104384133611691,0.140845070422535,"GO:0003208","GO:BP","cardiac ventricle morphogenesis",20972,1579,"GO:0003206;GO:0003231"
"query_1",TRUE,0.0111684799673133,71,958,10,0.0104384133611691,0.140845070422535,"GO:0048663","GO:BP","neuron fate commitment",20972,12072,"GO:0030182;GO:0045165"
"query_1",TRUE,0.0112112362204661,164,958,17,0.0177453027139875,0.103658536585366,"GO:0051250","GO:BP","negative regulation of lymphocyte activation",20972,12699,"GO:0002695;GO:0046649;GO:0051249"
"query_1",TRUE,0.0112354145869346,198,539,24,0.0445269016697588,0.121212121212121,"KEGG:05202","KEGG","Transcriptional misregulation in cancer",8716,470,"KEGG:00000"
"query_1",TRUE,0.0112743604597919,136,958,15,0.0156576200417537,0.110294117647059,"GO:0007498","GO:BP","mesoderm development",20972,2848,"GO:0009888"
"query_1",TRUE,0.0113224902139088,223,958,21,0.0219206680584551,0.0941704035874439,"GO:0071674","GO:BP","mononuclear cell migration",20972,15706,"GO:0050900"
"query_1",TRUE,0.0113243470435404,28,958,6,0.00626304801670146,0.214285714285714,"GO:1905523","GO:BP","positive regulation of macrophage migration",20972,22901,"GO:0071677;GO:1905517;GO:1905521"
"query_1",TRUE,0.0113243470435404,28,958,6,0.00626304801670146,0.214285714285714,"GO:0009649","GO:BP","entrainment of circadian clock",20972,3410,"GO:0009605;GO:0042752"
"query_1",TRUE,0.0113243470435404,28,958,6,0.00626304801670146,0.214285714285714,"GO:0010466","GO:BP","negative regulation of peptidase activity",20972,3975,"GO:0045861;GO:0051346;GO:0052547"
"query_1",TRUE,0.0113243470435404,28,958,6,0.00626304801670146,0.214285714285714,"GO:0072010","GO:BP","glomerular epithelium development",20972,15897,"GO:0032835;GO:0072009"
"query_1",TRUE,0.0113243470435404,28,958,6,0.00626304801670146,0.214285714285714,"GO:0060384","GO:BP","innervation",20972,13598,"GO:0021675;GO:0032501"
"query_1",TRUE,0.0116487218483486,301,958,26,0.0271398747390397,0.0863787375415282,"GO:0043122","GO:BP","regulation of canonical NF-kappaB signal transduction",20972,9876,"GO:0007249;GO:1902531"
"query_1",TRUE,0.0117472477893581,38,958,7,0.00730688935281837,0.184210526315789,"GO:0006958","GO:BP","complement activation, classical pathway",20972,2458,"GO:0002455;GO:0006956"
"query_1",TRUE,0.0117472477893581,123,958,14,0.0146137787056367,0.113821138211382,"GO:0043547","GO:BP","positive regulation of GTPase activity",20972,10082,"GO:0043087;GO:0051345"
"query_1",TRUE,0.0117472477893581,239,958,22,0.022964509394572,0.0920502092050209,"GO:0050670","GO:BP","regulation of lymphocyte proliferation",20972,12345,"GO:0032944;GO:0046651;GO:0051249"
"query_1",TRUE,0.0117472477893581,38,958,7,0.00730688935281837,0.184210526315789,"GO:0010092","GO:BP","specification of animal organ identity",20972,3739,"GO:0003002;GO:0048645"
"query_1",TRUE,0.0120065165899387,28,539,7,0.012987012987013,0.25,"KEGG:05310","KEGG","Asthma",8716,497,"KEGG:00000"
"query_1",TRUE,0.0120159392656764,60,958,9,0.00939457202505219,0.15,"GO:1905517","GO:BP","macrophage migration",20972,22895,"GO:0071674;GO:0097529"
"query_1",TRUE,0.0122224610974502,72,958,10,0.0104384133611691,0.138888888888889,"GO:0030330","GO:BP","DNA damage response, signal transduction by p53 class mediator",20972,6338,"GO:0042770;GO:0072331"
"query_1",TRUE,0.0122224610974502,72,958,10,0.0104384133611691,0.138888888888889,"GO:0050772","GO:BP","positive regulation of axonogenesis",20972,12387,"GO:0007409;GO:0031346;GO:0050769;GO:0050770"
"query_1",TRUE,0.0122224610974502,72,958,10,0.0104384133611691,0.138888888888889,"GO:0071260","GO:BP","cellular response to mechanical stimulus",20972,15384,"GO:0009612;GO:0071214;GO:0071496"
"query_1",TRUE,0.0124988810453546,37,644,9,0.0139751552795031,0.243243243243243,"REAC:R-HSA-111465","REAC","Apoptotic cleavage of cellular proteins",11056,169,"REAC:R-HSA-75153"
"query_1",TRUE,0.0125251933702274,12,958,4,0.00417536534446764,0.333333333333333,"GO:0043589","GO:BP","skin morphogenesis",20972,10113,"GO:0009887;GO:0043588"
"query_1",TRUE,0.0125251933702274,12,958,4,0.00417536534446764,0.333333333333333,"GO:2000049","GO:BP","positive regulation of cell-cell adhesion mediated by cadherin",20972,23558,"GO:0022409;GO:0044331;GO:2000047"
"query_1",TRUE,0.0125251933702274,12,958,4,0.00417536534446764,0.333333333333333,"GO:0110075","GO:BP","regulation of ferroptosis",20972,18132,"GO:0043067;GO:0097707"
"query_1",TRUE,0.0125251933702274,12,958,4,0.00417536534446764,0.333333333333333,"GO:0072070","GO:BP","loop of Henle development",20972,15950,"GO:0072080"
"query_1",TRUE,0.0125251933702274,12,958,4,0.00417536534446764,0.333333333333333,"GO:0061309","GO:BP","cardiac neural crest cell development involved in outflow tract morphogenesis",20972,14316,"GO:0003151;GO:0061308"
"query_1",TRUE,0.0125251933702274,12,958,4,0.00417536534446764,0.333333333333333,"GO:0032908","GO:BP","regulation of transforming growth factor beta1 production",20972,7388,"GO:0032905;GO:0071634"
"query_1",TRUE,0.012531424098074,124,958,14,0.0146137787056367,0.112903225806452,"GO:0034341","GO:BP","response to type II interferon",20972,8006,"GO:0034097;GO:0045087"
"query_1",TRUE,0.0126126429478711,319,958,27,0.0281837160751566,0.0846394984326019,"GO:0034504","GO:BP","protein localization to nucleus",20972,8096,"GO:0033365"
"query_1",TRUE,0.0126224966737727,30,644,8,0.0124223602484472,0.266666666666667,"REAC:R-HSA-8941326","REAC","RUNX2 regulates bone development",11056,1999,"REAC:R-HSA-8878166"
"query_1",TRUE,0.0126224966737727,23,644,7,0.0108695652173913,0.304347826086957,"REAC:R-HSA-8940973","REAC","RUNX2 regulates osteoblast differentiation",11056,2003,"REAC:R-HSA-8941326"
"query_1",TRUE,0.0126224966737727,23,644,7,0.0108695652173913,0.304347826086957,"REAC:R-HSA-9820960","REAC","Respiratory syncytial virus (RSV) attachment and entry",11056,2166,"REAC:R-HSA-9820952"
"query_1",TRUE,0.0128513212102282,181,958,18,0.0187891440501044,0.0994475138121547,"GO:0006941","GO:BP","striated muscle contraction",20972,2448,"GO:0006936"
"query_1",TRUE,0.0129771053912041,111,958,13,0.0135699373695198,0.117117117117117,"GO:0033559","GO:BP","unsaturated fatty acid metabolic process",20972,7731,"GO:0006631"
"query_1",TRUE,0.013095701981245,61,958,9,0.00939457202505219,0.147540983606557,"GO:0045604","GO:BP","regulation of epidermal cell differentiation",20972,10686,"GO:0009913;GO:0030856;GO:0045682"
"query_1",TRUE,0.013095701981245,73,958,10,0.0104384133611691,0.136986301369863,"GO:0061035","GO:BP","regulation of cartilage development",20972,14098,"GO:0051216;GO:2000026"
"query_1",TRUE,0.013095701981245,6,958,3,0.00313152400835073,0.5,"GO:0008078","GO:BP","mesodermal cell migration",20972,2978,"GO:0001667"
"query_1",TRUE,0.013095701981245,6,958,3,0.00313152400835073,0.5,"GO:0060482","GO:BP","lobar bronchus development",20972,13681,"GO:0060433"
"query_1",TRUE,0.013095701981245,61,958,9,0.00939457202505219,0.147540983606557,"GO:0034113","GO:BP","heterotypic cell-cell adhesion",20972,7859,"GO:0098609"
"query_1",TRUE,0.013095701981245,6,958,3,0.00313152400835073,0.5,"GO:0140459","GO:BP","response to Gram-positive bacterium",20972,18539,"GO:0009617"
"query_1",TRUE,0.013095701981245,61,958,9,0.00939457202505219,0.147540983606557,"GO:0048012","GO:BP","hepatocyte growth factor receptor signaling pathway",20972,11624,"GO:0007169"
"query_1",TRUE,0.013095701981245,385,958,31,0.0323590814196242,0.0805194805194805,"GO:0031647","GO:BP","regulation of protein stability",20972,6794,"GO:0065008"
"query_1",TRUE,0.013095701981245,6,958,3,0.00313152400835073,0.5,"GO:0007185","GO:BP","cell surface receptor protein tyrosine phosphatase signaling pathway",20972,2608,"GO:0007167"
"query_1",TRUE,0.013095701981245,29,958,6,0.00626304801670146,0.206896551724138,"GO:0150117","GO:BP","positive regulation of cell-substrate junction organization",20972,18895,"GO:0051130;GO:0150115;GO:0150116"
"query_1",TRUE,0.013095701981245,6,958,3,0.00313152400835073,0.5,"GO:0150106","GO:BP","regulation of protein localization to cell-cell junction",20972,18890,"GO:0032880;GO:0150105"
"query_1",TRUE,0.013095701981245,6,958,3,0.00313152400835073,0.5,"GO:0071503","GO:BP","response to heparin",20972,15598,"GO:1901698;GO:1901700"
"query_1",TRUE,0.013095701981245,6,958,3,0.00313152400835073,0.5,"GO:0033088","GO:BP","negative regulation of immature T cell proliferation in thymus",20972,7512,"GO:0033080;GO:0033084;GO:0033085;GO:0033087"
"query_1",TRUE,0.013095701981245,6,958,3,0.00313152400835073,0.5,"GO:0033087","GO:BP","negative regulation of immature T cell proliferation",20972,7511,"GO:0033079;GO:0033083;GO:0042130"
"query_1",TRUE,0.013095701981245,73,958,10,0.0104384133611691,0.136986301369863,"GO:0071496","GO:BP","cellular response to external stimulus",20972,15591,"GO:0009605"
"query_1",TRUE,0.013095701981245,6,958,3,0.00313152400835073,0.5,"GO:0060685","GO:BP","regulation of prostatic bud formation",20972,13830,"GO:0003156;GO:0060513;GO:0060688;GO:1905330;GO:2000241"
"query_1",TRUE,0.013095701981245,6,958,3,0.00313152400835073,0.5,"GO:1905274","GO:BP","regulation of modification of postsynaptic actin cytoskeleton",20972,22724,"GO:0098885;GO:0099159"
"query_1",TRUE,0.013095701981245,6,958,3,0.00313152400835073,0.5,"GO:0061046","GO:BP","regulation of branching involved in lung morphogenesis",20972,14108,"GO:0060441;GO:0060688;GO:1905330"
"query_1",TRUE,0.013095701981245,6,958,3,0.00313152400835073,0.5,"GO:1902747","GO:BP","negative regulation of lens fiber cell differentiation",20972,20931,"GO:0030857;GO:0051241;GO:0070306;GO:1902746"
"query_1",TRUE,0.013095701981245,6,958,3,0.00313152400835073,0.5,"GO:1904428","GO:BP","negative regulation of tubulin deacetylation",20972,22106,"GO:0031400;GO:0090042;GO:0090043"
"query_1",TRUE,0.013095701981245,6,958,3,0.00313152400835073,0.5,"GO:0060066","GO:BP","oviduct development",20972,13348,"GO:0035295;GO:0048608"
"query_1",TRUE,0.013095701981245,73,958,10,0.0104384133611691,0.136986301369863,"GO:0001707","GO:BP","mesoderm formation",20972,386,"GO:0001704;GO:0048332"
"query_1",TRUE,0.013095701981245,20,958,5,0.00521920668058455,0.25,"GO:2001044","GO:BP","regulation of integrin-mediated signaling pathway",20972,24351,"GO:0007229;GO:0009966"
"query_1",TRUE,0.013095701981245,29,958,6,0.00626304801670146,0.206896551724138,"GO:0072207","GO:BP","metanephric epithelium development",20972,16075,"GO:0001656;GO:0072073"
"query_1",TRUE,0.013095701981245,6,958,3,0.00313152400835073,0.5,"GO:0086073","GO:BP","bundle of His cell-Purkinje myocyte adhesion involved in cell communication",20972,16739,"GO:0034113;GO:0086042;GO:0086069"
"query_1",TRUE,0.013095701981245,6,958,3,0.00313152400835073,0.5,"GO:0061302","GO:BP","smooth muscle cell-matrix adhesion",20972,14310,"GO:0007160"
"query_1",TRUE,0.0132281164362519,1260,958,80,0.0835073068893528,0.0634920634920635,"GO:0006811","GO:BP","monoatomic ion transport",20972,2363,"GO:0006810"
"query_1",TRUE,0.0132609577401086,182,958,18,0.0187891440501044,0.0989010989010989,"GO:0006006","GO:BP","glucose metabolic process",20972,1790,"GO:0019318"
"query_1",TRUE,0.0133512213046658,305,958,26,0.0271398747390397,0.0852459016393443,"GO:0048562","GO:BP","embryonic organ morphogenesis",20972,11986,"GO:0009887;GO:0048568;GO:0048598"
"query_1",TRUE,0.0135847077220863,50,958,8,0.00835073068893528,0.16,"GO:0036323","GO:BP","vascular endothelial growth factor receptor-1 signaling pathway",20972,8941,"GO:0048010"
"query_1",TRUE,0.0135847077220863,50,958,8,0.00835073068893528,0.16,"GO:0030195","GO:BP","negative regulation of blood coagulation",20972,6271,"GO:0007596;GO:0030193;GO:0050819;GO:0061045;GO:1900047"
"query_1",TRUE,0.0137036999657086,45,539,9,0.0166975881261596,0.2,"KEGG:04672","KEGG","Intestinal immune network for IgA production",8716,357,"KEGG:00000"
"query_1",TRUE,0.0139037549259513,99,958,12,0.0125260960334029,0.121212121212121,"GO:0070664","GO:BP","negative regulation of leukocyte proliferation",20972,15122,"GO:0008285;GO:0070661;GO:0070663"
"query_1",TRUE,0.0140215316068759,228,958,21,0.0219206680584551,0.0921052631578947,"GO:0072593","GO:BP","reactive oxygen species metabolic process",20972,16278,"GO:0008152"
"query_1",TRUE,0.0140233796284859,55,644,11,0.0170807453416149,0.2,"REAC:R-HSA-9013409","REAC","RHOJ GTPase cycle",11056,1943,"REAC:R-HSA-9012999"
"query_1",TRUE,0.0144087598417953,74,958,10,0.0104384133611691,0.135135135135135,"GO:0048332","GO:BP","mesoderm morphogenesis",20972,11824,"GO:0007498;GO:0048729"
"query_1",TRUE,0.0144428865000451,62,958,9,0.00939457202505219,0.145161290322581,"GO:0001658","GO:BP","branching involved in ureteric bud morphogenesis",20972,359,"GO:0048754;GO:0060675"
"query_1",TRUE,0.0144428865000451,62,958,9,0.00939457202505219,0.145161290322581,"GO:0006956","GO:BP","complement activation",20972,2456,"GO:0002252;GO:0002253;GO:0006959"
"query_1",TRUE,0.0144573148239185,291,958,25,0.0260960334029228,0.0859106529209622,"GO:0048511","GO:BP","rhythmic process",20972,11947,"GO:0008150"
"query_1",TRUE,0.0150217206303046,87,958,11,0.011482254697286,0.126436781609195,"GO:0007422","GO:BP","peripheral nervous system development",20972,2781,"GO:0007399;GO:0048731"
"query_1",TRUE,0.0150500259510728,100,958,12,0.0125260960334029,0.12,"GO:0034446","GO:BP","substrate adhesion-dependent cell spreading",20972,8066,"GO:0031589"
"query_1",TRUE,0.0150979104679966,169,539,21,0.038961038961039,0.124260355029586,"KEGG:05225","KEGG","Hepatocellular carcinoma",8716,492,"KEGG:00000"
"query_1",TRUE,0.0151363659940762,40,958,7,0.00730688935281837,0.175,"GO:0043516","GO:BP","regulation of DNA damage response, signal transduction by p53 class mediator",20972,10066,"GO:0030330;GO:0080135;GO:1901796"
"query_1",TRUE,0.0151363659940762,40,958,7,0.00730688935281837,0.175,"GO:0038179","GO:BP","neurotrophin signaling pathway",20972,9126,"GO:0007166;GO:0071363"
"query_1",TRUE,0.01525912171076,51,958,8,0.00835073068893528,0.156862745098039,"GO:1900047","GO:BP","negative regulation of hemostasis",20972,19125,"GO:0007599;GO:0048519;GO:1900046"
"query_1",TRUE,0.01525912171076,51,958,8,0.00835073068893528,0.156862745098039,"GO:0042551","GO:BP","neuron maturation",20972,9588,"GO:0048469;GO:0048666"
"query_1",TRUE,0.01525912171076,51,958,8,0.00835073068893528,0.156862745098039,"GO:0002455","GO:BP","humoral immune response mediated by circulating immunoglobulin",20972,936,"GO:0006959;GO:0016064"
"query_1",TRUE,0.01525912171076,51,958,8,0.00835073068893528,0.156862745098039,"GO:0030838","GO:BP","positive regulation of actin filament polymerization",20972,6476,"GO:0030041;GO:0030833;GO:0032273;GO:0051495;GO:1902905"
"query_1",TRUE,0.0152931387832727,2,958,2,0.00208768267223382,1,"GO:0051040","GO:BP","regulation of calcium-independent cell-cell adhesion",20972,12579,"GO:0016338;GO:0022407"
"query_1",TRUE,0.0152931387832727,2,958,2,0.00208768267223382,1,"GO:0072272","GO:BP","proximal/distal pattern formation involved in metanephric nephron development",20972,16138,"GO:0072047;GO:0072210;GO:0072268"
"query_1",TRUE,0.0152931387832727,2,958,2,0.00208768267223382,1,"GO:0072054","GO:BP","renal outer medulla development",20972,15934,"GO:0001822;GO:0048856"
"query_1",TRUE,0.0152931387832727,2,958,2,0.00208768267223382,1,"GO:0060739","GO:BP","mesenchymal-epithelial cell signaling involved in prostate gland development",20972,13870,"GO:0030850;GO:0060638"
"query_1",TRUE,0.0152931387832727,2,958,2,0.00208768267223382,1,"GO:0072053","GO:BP","renal inner medulla development",20972,15933,"GO:0001822;GO:0048856"
"query_1",TRUE,0.0152931387832727,2,958,2,0.00208768267223382,1,"GO:0038190","GO:BP","VEGF-activated neuropilin signaling pathway",20972,9133,"GO:0038084;GO:0038189"
"query_1",TRUE,0.0152931387832727,30,958,6,0.00626304801670146,0.2,"GO:0010758","GO:BP","regulation of macrophage chemotaxis",20972,4178,"GO:0002688;GO:0048246;GO:1905521"
"query_1",TRUE,0.0152931387832727,2,958,2,0.00208768267223382,1,"GO:0002491","GO:BP","antigen processing and presentation of endogenous peptide antigen via MHC class II",20972,972,"GO:0002483;GO:0002495"
"query_1",TRUE,0.0152931387832727,2,958,2,0.00208768267223382,1,"GO:0002469","GO:BP","myeloid dendritic cell antigen processing and presentation",20972,950,"GO:0002468"
"query_1",TRUE,0.0152931387832727,2,958,2,0.00208768267223382,1,"GO:0060974","GO:BP","cell migration involved in heart formation",20972,14049,"GO:0060914;GO:0060973"
"query_1",TRUE,0.0152931387832727,2,958,2,0.00208768267223382,1,"GO:0003210","GO:BP","cardiac atrium formation",20972,1581,"GO:0003207;GO:0003209"
"query_1",TRUE,0.0152931387832727,2,958,2,0.00208768267223382,1,"GO:0061047","GO:BP","positive regulation of branching involved in lung morphogenesis",20972,14109,"GO:0051240;GO:0060441;GO:0061046;GO:1905332"
"query_1",TRUE,0.0152931387832727,30,958,6,0.00626304801670146,0.2,"GO:0071634","GO:BP","regulation of transforming growth factor beta production",20972,15670,"GO:0001817;GO:0071604"
"query_1",TRUE,0.0152931387832727,30,958,6,0.00626304801670146,0.2,"GO:0003338","GO:BP","metanephros morphogenesis",20972,1688,"GO:0001656;GO:0060993"
"query_1",TRUE,0.0152931387832727,2,958,2,0.00208768267223382,1,"GO:0010751","GO:BP","negative regulation of nitric oxide mediated signal transduction",20972,4173,"GO:0007263;GO:0010749;GO:1902532"
"query_1",TRUE,0.0152931387832727,2,958,2,0.00208768267223382,1,"GO:0090191","GO:BP","negative regulation of branching involved in ureteric bud morphogenesis",20972,16897,"GO:0001658;GO:0051241;GO:0090189;GO:1905331"
"query_1",TRUE,0.0152931387832727,2,958,2,0.00208768267223382,1,"GO:0002415","GO:BP","immunoglobulin transcytosis in epithelial cells mediated by polymeric immunoglobulin receptor",20972,898,"GO:0002385;GO:0002414"
"query_1",TRUE,0.0153472920069523,215,958,20,0.0208768267223382,0.0930232558139535,"GO:0072330","GO:BP","monocarboxylic acid biosynthetic process",20972,16180,"GO:0032787;GO:0046394"
"query_1",TRUE,0.0157612336328148,21,958,5,0.00521920668058455,0.238095238095238,"GO:0055070","GO:BP","copper ion homeostasis",20972,13253,"GO:0055080;GO:0098771"
"query_1",TRUE,0.0157612336328148,21,958,5,0.00521920668058455,0.238095238095238,"GO:0006670","GO:BP","sphingosine metabolic process",20972,2255,"GO:0034311;GO:0046519"
"query_1",TRUE,0.0157612336328148,21,958,5,0.00521920668058455,0.238095238095238,"GO:0010759","GO:BP","positive regulation of macrophage chemotaxis",20972,4179,"GO:0002690;GO:0010758;GO:0048246;GO:0071622;GO:1905523"
"query_1",TRUE,0.0157612336328148,128,958,14,0.0146137787056367,0.109375,"GO:0003231","GO:BP","cardiac ventricle development",20972,1602,"GO:0003205"
"query_1",TRUE,0.0157612336328148,21,958,5,0.00521920668058455,0.238095238095238,"GO:2001026","GO:BP","regulation of endothelial cell chemotaxis",20972,24337,"GO:0010594;GO:0035767;GO:0050920"
"query_1",TRUE,0.0157612336328148,142,958,15,0.0156576200417537,0.105633802816901,"GO:0071675","GO:BP","regulation of mononuclear cell migration",20972,15707,"GO:0002685;GO:0071674"
"query_1",TRUE,0.0157612336328148,21,958,5,0.00521920668058455,0.238095238095238,"GO:0097062","GO:BP","dendritic spine maintenance",20972,17253,"GO:0043954;GO:0097061"
"query_1",TRUE,0.0157612336328148,21,958,5,0.00521920668058455,0.238095238095238,"GO:0046596","GO:BP","regulation of viral entry into host cell",20972,11408,"GO:0046718;GO:0052372;GO:1903900"
"query_1",TRUE,0.0157612336328148,21,958,5,0.00521920668058455,0.238095238095238,"GO:0046885","GO:BP","regulation of hormone biosynthetic process",20972,11579,"GO:0009889;GO:0032350;GO:0042446"
"query_1",TRUE,0.0157612336328148,21,958,5,0.00521920668058455,0.238095238095238,"GO:0061687","GO:BP","detoxification of inorganic compound",20972,14522,"GO:0098754"
"query_1",TRUE,0.0158644634106874,171,958,17,0.0177453027139875,0.0994152046783626,"GO:0015698","GO:BP","inorganic anion transport",20972,4579,"GO:0006810"
"query_1",TRUE,0.0158855716590126,326,958,27,0.0281837160751566,0.0828220858895705,"GO:0032496","GO:BP","response to lipopolysaccharide",20972,7112,"GO:0002237;GO:0033993;GO:1901700"
"query_1",TRUE,0.0159939514290853,13,958,4,0.00417536534446764,0.307692307692308,"GO:0001886","GO:BP","endothelial cell morphogenesis",20972,500,"GO:0001885;GO:0003382"
"query_1",TRUE,0.0159939514290853,13,958,4,0.00417536534446764,0.307692307692308,"GO:0003334","GO:BP","keratinocyte development",20972,1684,"GO:0002064;GO:0030216"
"query_1",TRUE,0.0159939514290853,13,958,4,0.00417536534446764,0.307692307692308,"GO:0072182","GO:BP","regulation of nephron tubule epithelial cell differentiation",20972,16053,"GO:0072160;GO:2000696"
"query_1",TRUE,0.0159939514290853,13,958,4,0.00417536534446764,0.307692307692308,"GO:0097707","GO:BP","ferroptosis",20972,17504,"GO:0012501"
"query_1",TRUE,0.0159939514290853,13,958,4,0.00417536534446764,0.307692307692308,"GO:0043568","GO:BP","positive regulation of insulin-like growth factor receptor signaling pathway",20972,10093,"GO:0009967;GO:0043567;GO:0048009"
"query_1",TRUE,0.0159939514290853,13,958,4,0.00417536534446764,0.307692307692308,"GO:0032905","GO:BP","transforming growth factor beta1 production",20972,7385,"GO:0071604"
"query_1",TRUE,0.0162391192829403,3397,958,188,0.196242171189979,0.055342949661466,"GO:2001141","GO:BP","regulation of RNA biosynthetic process",20972,24417,"GO:0010556;GO:0032774;GO:0051252"
"query_1",TRUE,0.0166506628494782,52,958,8,0.00835073068893528,0.153846153846154,"GO:0035088","GO:BP","establishment or maintenance of apical/basal cell polarity",20972,8226,"GO:0061245"
"query_1",TRUE,0.0166506628494782,52,958,8,0.00835073068893528,0.153846153846154,"GO:0061245","GO:BP","establishment or maintenance of bipolar cell polarity",20972,14267,"GO:0007163"
"query_1",TRUE,0.0166506628494782,52,958,8,0.00835073068893528,0.153846153846154,"GO:0045581","GO:BP","negative regulation of T cell differentiation",20972,10663,"GO:0030217;GO:0045580;GO:0045620;GO:0050868"
"query_1",TRUE,0.0167334148130789,76,958,10,0.0104384133611691,0.131578947368421,"GO:0050818","GO:BP","regulation of coagulation",20972,12418,"GO:0050817;GO:0051239"
"query_1",TRUE,0.0167334148130789,76,958,10,0.0104384133611691,0.131578947368421,"GO:0042246","GO:BP","tissue regeneration",20972,9404,"GO:0031099;GO:0048589"
"query_1",TRUE,0.0167450384821261,41,958,7,0.00730688935281837,0.170731707317073,"GO:0030866","GO:BP","cortical actin cytoskeleton organization",20972,6500,"GO:0030036;GO:0030865"
"query_1",TRUE,0.0168020865504689,248,958,22,0.022964509394572,0.0887096774193548,"GO:0051222","GO:BP","positive regulation of protein transport",20972,12678,"GO:0015031;GO:0051050;GO:0051223;GO:1903829;GO:1904951"
"query_1",TRUE,0.0168252998133652,202,958,19,0.0198329853862213,0.0940594059405941,"GO:0034284","GO:BP","response to monosaccharide",20972,7968,"GO:0009743"
"query_1",TRUE,0.0168734682986947,7,644,4,0.0062111801242236,0.571428571428571,"REAC:R-HSA-9764302","REAC","Regulation of CDH19 Expression and Function",11056,2048,"REAC:R-HSA-9764260"
"query_1",TRUE,0.0168734682986947,126,644,18,0.0279503105590062,0.142857142857143,"REAC:R-HSA-114608","REAC","Platelet degranulation ",11056,1836,"REAC:R-HSA-76005"
"query_1",TRUE,0.0169210902979064,102,958,12,0.0125260960334029,0.117647058823529,"GO:0032231","GO:BP","regulation of actin filament bundle assembly",20972,6934,"GO:0044087;GO:0051017;GO:0110053"
"query_1",TRUE,0.0169482259744183,495,958,37,0.0386221294363257,0.0747474747474747,"GO:0018193","GO:BP","peptidyl-amino acid modification",20972,5096,"GO:0036211"
"query_1",TRUE,0.0170529086934844,64,958,9,0.00939457202505219,0.140625,"GO:0010324","GO:BP","membrane invagination",20972,3892,"GO:0061024"
"query_1",TRUE,0.0170529086934844,89,958,11,0.011482254697286,0.123595505617978,"GO:0050672","GO:BP","negative regulation of lymphocyte proliferation",20972,12347,"GO:0032945;GO:0046651;GO:0050670;GO:0051250"
"query_1",TRUE,0.0170529086934844,89,958,11,0.011482254697286,0.123595505617978,"GO:0002088","GO:BP","lens development in camera-type eye",20972,655,"GO:0043010;GO:0048856"
"query_1",TRUE,0.0174647167798995,31,958,6,0.00626304801670146,0.193548387096774,"GO:0099010","GO:BP","modification of postsynaptic structure",20972,17762,"GO:0099563"
"query_1",TRUE,0.0174647167798995,31,958,6,0.00626304801670146,0.193548387096774,"GO:0060674","GO:BP","placenta blood vessel development",20972,13821,"GO:0001568;GO:0001890"
"query_1",TRUE,0.0174647167798995,218,958,20,0.0208768267223382,0.0917431192660551,"GO:0045619","GO:BP","regulation of lymphocyte differentiation",20972,10701,"GO:0030098;GO:0051249;GO:1902105"
"query_1",TRUE,0.0174647167798995,31,958,6,0.00626304801670146,0.193548387096774,"GO:0060037","GO:BP","pharyngeal system development",20972,13323,"GO:0043009;GO:0048731"
"query_1",TRUE,0.0174981762178165,144,958,15,0.0156576200417537,0.104166666666667,"GO:0062013","GO:BP","positive regulation of small molecule metabolic process",20972,14680,"GO:0009893;GO:0044281;GO:0062012"
"query_1",TRUE,0.0176030515510701,203,958,19,0.0198329853862213,0.0935960591133005,"GO:0030705","GO:BP","cytoskeleton-dependent intracellular transport",20972,6439,"GO:0046907"
"query_1",TRUE,0.017606729293487,130,958,14,0.0146137787056367,0.107692307692308,"GO:0001936","GO:BP","regulation of endothelial cell proliferation",20972,537,"GO:0001935;GO:0050678"
"query_1",TRUE,0.017606729293487,130,958,14,0.0146137787056367,0.107692307692308,"GO:0042476","GO:BP","odontogenesis",20972,9555,"GO:0009887"
"query_1",TRUE,0.0177287091561093,3385,958,187,0.195198329853862,0.0552437223042836,"GO:0006355","GO:BP","regulation of DNA-templated transcription",20972,2024,"GO:0006351;GO:0010468;GO:2001141"
"query_1",TRUE,0.0177727768345105,281,958,24,0.0250521920668058,0.0854092526690391,"GO:0051258","GO:BP","protein polymerization",20972,12707,"GO:0065003"
"query_1",TRUE,0.0179926067377533,1316,958,82,0.0855949895615866,0.0623100303951368,"GO:0007267","GO:BP","cell-cell signaling",20972,2659,"GO:0007154;GO:0023052"
"query_1",TRUE,0.0180577920827494,77,958,10,0.0104384133611691,0.12987012987013,"GO:0050810","GO:BP","regulation of steroid biosynthetic process",20972,12414,"GO:0006694;GO:0019218;GO:0046890"
"query_1",TRUE,0.0180577920827494,77,958,10,0.0104384133611691,0.12987012987013,"GO:0055013","GO:BP","cardiac muscle cell development",20972,13227,"GO:0055002;GO:0055006;GO:0055007"
"query_1",TRUE,0.0180577920827494,159,958,16,0.0167014613778706,0.10062893081761,"GO:0030509","GO:BP","BMP signaling pathway",20972,6381,"GO:0071773;GO:0141091"
"query_1",TRUE,0.0180577920827494,77,958,10,0.0104384133611691,0.12987012987013,"GO:1901568","GO:BP","fatty acid derivative metabolic process",20972,20164,"GO:0006629"
"query_1",TRUE,0.0183236749471607,53,958,8,0.00835073068893528,0.150943396226415,"GO:0038109","GO:BP","Kit signaling pathway",20972,9076,"GO:0007169;GO:0019221;GO:0036216"
"query_1",TRUE,0.0183236749471607,90,958,11,0.011482254697286,0.122222222222222,"GO:0051492","GO:BP","regulation of stress fiber assembly",20972,12834,"GO:0032231;GO:0043149;GO:0110020"
"query_1",TRUE,0.0183236749471607,53,958,8,0.00835073068893528,0.150943396226415,"GO:0036215","GO:BP","response to stem cell factor",20972,8880,"GO:0034097"
"query_1",TRUE,0.0183236749471607,53,958,8,0.00835073068893528,0.150943396226415,"GO:0036216","GO:BP","cellular response to stem cell factor stimulus",20972,8881,"GO:0036215;GO:0071345"
"query_1",TRUE,0.0183307835675,266,958,23,0.0240083507306889,0.0864661654135338,"GO:0007416","GO:BP","synapse assembly",20972,2775,"GO:0007399;GO:0034329;GO:0050808"
"query_1",TRUE,0.0183401161706208,204,958,19,0.0198329853862213,0.0931372549019608,"GO:0008016","GO:BP","regulation of heart contraction",20972,2957,"GO:0060047;GO:1903522"
"query_1",TRUE,0.0184332510024251,1111,958,71,0.0741127348643006,0.0639063906390639,"GO:0002684","GO:BP","positive regulation of immune system process",20972,1156,"GO:0002376;GO:0002682;GO:0048518"
"query_1",TRUE,0.0186215017427488,131,958,14,0.0146137787056367,0.106870229007634,"GO:0051592","GO:BP","response to calcium ion",20972,12886,"GO:0010038"
"query_1",TRUE,0.0186215017427488,131,958,14,0.0146137787056367,0.106870229007634,"GO:0031960","GO:BP","response to corticosteroid",20972,6839,"GO:0048545"
"query_1",TRUE,0.0186999038669777,22,958,5,0.00521920668058455,0.227272727272727,"GO:0006883","GO:BP","intracellular sodium ion homeostasis",20972,2408,"GO:0030003;GO:0055078"
"query_1",TRUE,0.0186999038669777,22,958,5,0.00521920668058455,0.227272727272727,"GO:0032682","GO:BP","negative regulation of chemokine production",20972,7232,"GO:0001818;GO:0032602;GO:0032642"
"query_1",TRUE,0.0186999038669777,22,958,5,0.00521920668058455,0.227272727272727,"GO:0071379","GO:BP","cellular response to prostaglandin stimulus",20972,15495,"GO:0032870;GO:0034694;GO:0071396"
"query_1",TRUE,0.0186999038669777,42,958,7,0.00730688935281837,0.166666666666667,"GO:0021983","GO:BP","pituitary gland development",20972,6107,"GO:0021536;GO:0035270;GO:0048732"
"query_1",TRUE,0.0186999038669777,22,958,5,0.00521920668058455,0.227272727272727,"GO:0046519","GO:BP","sphingoid metabolic process",20972,11381,"GO:0006665"
"query_1",TRUE,0.0188053472311416,499,958,37,0.0386221294363257,0.0741482965931864,"GO:0010638","GO:BP","positive regulation of organelle organization",20972,4097,"GO:0006996;GO:0033043;GO:0051130"
"query_1",TRUE,0.0192236505395199,104,958,12,0.0125260960334029,0.115384615384615,"GO:0048709","GO:BP","oligodendrocyte differentiation",20972,12116,"GO:0007417;GO:0010001"
"query_1",TRUE,0.0192236505395199,104,958,12,0.0125260960334029,0.115384615384615,"GO:2001243","GO:BP","negative regulation of intrinsic apoptotic signaling pathway",20972,24484,"GO:0097193;GO:1902532;GO:2001234;GO:2001242"
"query_1",TRUE,0.0192236505395199,517,958,38,0.0396659707724426,0.0735009671179884,"GO:0060341","GO:BP","regulation of cellular localization",20972,13562,"GO:0032879;GO:0050794;GO:0051641"
"query_1",TRUE,0.0192236505395199,104,958,12,0.0125260960334029,0.115384615384615,"GO:0048534","GO:BP","hematopoietic or lymphoid organ development",20972,11966,"GO:0002520;GO:0048513"
"query_1",TRUE,0.0192566575491931,190,958,18,0.0187891440501044,0.0947368421052632,"GO:0045664","GO:BP","regulation of neuron differentiation",20972,10746,"GO:0030182;GO:0045595"
"query_1",TRUE,0.0195706610486461,221,958,20,0.0208768267223382,0.0904977375565611,"GO:0043123","GO:BP","positive regulation of canonical NF-kappaB signal transduction",20972,9877,"GO:0007249;GO:0043122;GO:1902533"
"query_1",TRUE,0.0195706610486461,7,958,3,0.00313152400835073,0.428571428571429,"GO:0021780","GO:BP","glial cell fate specification",20972,5950,"GO:0001708;GO:0021781"
"query_1",TRUE,0.0195706610486461,7,958,3,0.00313152400835073,0.428571428571429,"GO:1900120","GO:BP","regulation of receptor binding",20972,19182,"GO:0043393"
"query_1",TRUE,0.0195706610486461,7,958,3,0.00313152400835073,0.428571428571429,"GO:1900121","GO:BP","negative regulation of receptor binding",20972,19183,"GO:0032091;GO:1900120"
"query_1",TRUE,0.0195706610486461,7,958,3,0.00313152400835073,0.428571428571429,"GO:0099545","GO:BP","trans-synaptic signaling by trans-synaptic complex",20972,17877,"GO:0099537"
"query_1",TRUE,0.0195706610486461,7,958,3,0.00313152400835073,0.428571428571429,"GO:1901331","GO:BP","positive regulation of odontoblast differentiation",20972,20003,"GO:0071895;GO:1901329;GO:1902913"
"query_1",TRUE,0.0195706610486461,7,958,3,0.00313152400835073,0.428571428571429,"GO:0003164","GO:BP","His-Purkinje system development",20972,1537,"GO:0003161;GO:0003229"
"query_1",TRUE,0.0195706610486461,91,958,11,0.011482254697286,0.120879120879121,"GO:0032273","GO:BP","positive regulation of protein polymerization",20972,6968,"GO:0031334;GO:0032271;GO:0051258"
"query_1",TRUE,0.0195706610486461,91,958,11,0.011482254697286,0.120879120879121,"GO:0032945","GO:BP","negative regulation of mononuclear cell proliferation",20972,7418,"GO:0032943;GO:0032944;GO:0070664"
"query_1",TRUE,0.0195706610486461,7,958,3,0.00313152400835073,0.428571428571429,"GO:1905653","GO:BP","positive regulation of artery morphogenesis",20972,22994,"GO:0048844;GO:0051094;GO:1905651"
"query_1",TRUE,0.0195706610486461,7,958,3,0.00313152400835073,0.428571428571429,"GO:0002159","GO:BP","desmosome assembly",20972,701,"GO:0002934;GO:0007043"
"query_1",TRUE,0.0195706610486461,7,958,3,0.00313152400835073,0.428571428571429,"GO:1905651","GO:BP","regulation of artery morphogenesis",20972,22992,"GO:0022603;GO:0048844"
"query_1",TRUE,0.0195706610486461,7,958,3,0.00313152400835073,0.428571428571429,"GO:1904906","GO:BP","positive regulation of endothelial cell-matrix adhesion",20972,22467,"GO:0001954;GO:0090673;GO:1904904"
"query_1",TRUE,0.0195706610486461,7,958,3,0.00313152400835073,0.428571428571429,"GO:0014012","GO:BP","peripheral nervous system axon regeneration",20972,4369,"GO:0031103"
"query_1",TRUE,0.0195706610486461,7,958,3,0.00313152400835073,0.428571428571429,"GO:0042482","GO:BP","positive regulation of odontogenesis",20972,9560,"GO:0042476;GO:0042481;GO:0110110"
"query_1",TRUE,0.0195706610486461,7,958,3,0.00313152400835073,0.428571428571429,"GO:0015677","GO:BP","copper ion import",20972,4566,"GO:0006825"
"query_1",TRUE,0.0195706610486461,7,958,3,0.00313152400835073,0.428571428571429,"GO:0090043","GO:BP","regulation of tubulin deacetylation",20972,16782,"GO:0090042;GO:0090311"
"query_1",TRUE,0.0195706610486461,252,958,22,0.022964509394572,0.0873015873015873,"GO:0005996","GO:BP","monosaccharide metabolic process",20972,1780,"GO:0005975;GO:0044281"
"query_1",TRUE,0.0197301902037479,32,958,6,0.00626304801670146,0.1875,"GO:0062098","GO:BP","regulation of programmed necrotic cell death",20972,14715,"GO:0043067;GO:0097300"
"query_1",TRUE,0.0199126289022555,54,958,8,0.00835073068893528,0.148148148148148,"GO:0070169","GO:BP","positive regulation of biomineral tissue development",20972,14855,"GO:0031214;GO:0051094;GO:0070167"
"query_1",TRUE,0.0199126289022555,54,958,8,0.00835073068893528,0.148148148148148,"GO:0050873","GO:BP","brown fat cell differentiation",20972,12458,"GO:0045444"
"query_1",TRUE,0.0199126289022555,54,958,8,0.00835073068893528,0.148148148148148,"GO:0050819","GO:BP","negative regulation of coagulation",20972,12419,"GO:0050817;GO:0050818;GO:0051241"
"query_1",TRUE,0.0199126289022555,54,958,8,0.00835073068893528,0.148148148148148,"GO:0045599","GO:BP","negative regulation of fat cell differentiation",20972,10681,"GO:0045444;GO:0045596;GO:0045598"
"query_1",TRUE,0.0199126289022555,54,958,8,0.00835073068893528,0.148148148148148,"GO:0045778","GO:BP","positive regulation of ossification",20972,10840,"GO:0001503;GO:0030278;GO:0051240"
"query_1",TRUE,0.0199813528734028,66,958,9,0.00939457202505219,0.136363636363636,"GO:0051149","GO:BP","positive regulation of muscle cell differentiation",20972,12646,"GO:0042692;GO:0045597;GO:0051147"
"query_1",TRUE,0.0200601373576423,14,958,4,0.00417536534446764,0.285714285714286,"GO:0071679","GO:BP","commissural neuron axon guidance",20972,15711,"GO:0007411"
"query_1",TRUE,0.0200601373576423,14,958,4,0.00417536534446764,0.285714285714286,"GO:0048715","GO:BP","negative regulation of oligodendrocyte differentiation",20972,12122,"GO:0045686;GO:0048709;GO:0048713"
"query_1",TRUE,0.0200601373576423,14,958,4,0.00417536534446764,0.285714285714286,"GO:1990169","GO:BP","stress response to copper ion",20972,23260,"GO:0046688;GO:0097501"
"query_1",TRUE,0.0200601373576423,14,958,4,0.00417536534446764,0.285714285714286,"GO:0010273","GO:BP","detoxification of copper ion",20972,3875,"GO:0061687;GO:1990169"
"query_1",TRUE,0.0206927734736675,43,958,7,0.00730688935281837,0.162790697674419,"GO:0051155","GO:BP","positive regulation of striated muscle cell differentiation",20972,12652,"GO:0051146;GO:0051149;GO:0051153"
"query_1",TRUE,0.0206927734736675,43,958,7,0.00730688935281837,0.162790697674419,"GO:0048713","GO:BP","regulation of oligodendrocyte differentiation",20972,12120,"GO:0045685;GO:0048709"
"query_1",TRUE,0.0206927734736675,43,958,7,0.00730688935281837,0.162790697674419,"GO:0014044","GO:BP","Schwann cell development",20972,4398,"GO:0014037;GO:0021782"
"query_1",TRUE,0.0207052465080459,79,958,10,0.0104384133611691,0.126582278481013,"GO:0043954","GO:BP","cellular component maintenance",20972,10184,"GO:0016043"
"query_1",TRUE,0.0207052465080459,79,958,10,0.0104384133611691,0.126582278481013,"GO:0003151","GO:BP","outflow tract morphogenesis",20972,1527,"GO:0003007;GO:0009653"
"query_1",TRUE,0.0207052465080459,79,958,10,0.0104384133611691,0.126582278481013,"GO:0030500","GO:BP","regulation of bone mineralization",20972,6377,"GO:0030278;GO:0030282;GO:0070167"
"query_1",TRUE,0.0207052465080459,162,958,16,0.0167014613778706,0.0987654320987654,"GO:0055002","GO:BP","striated muscle cell development",20972,13216,"GO:0051146;GO:0055001"
"query_1",TRUE,0.0207052465080459,79,958,10,0.0104384133611691,0.126582278481013,"GO:0060419","GO:BP","heart growth",20972,13623,"GO:0007507;GO:0035265"
"query_1",TRUE,0.0207052465080459,318,958,26,0.0271398747390397,0.0817610062893082,"GO:0097193","GO:BP","intrinsic apoptotic signaling pathway",20972,17316,"GO:0035556;GO:0097190"
"query_1",TRUE,0.0207052465080459,92,958,11,0.011482254697286,0.119565217391304,"GO:0048640","GO:BP","negative regulation of developmental growth",20972,12049,"GO:0045926;GO:0048589;GO:0048638;GO:0051093"
"query_1",TRUE,0.0207798364633946,192,958,18,0.0187891440501044,0.09375,"GO:0009749","GO:BP","response to glucose",20972,3486,"GO:0009746"
"query_1",TRUE,0.0208613437128563,254,958,22,0.022964509394572,0.0866141732283465,"GO:1903522","GO:BP","regulation of blood circulation",20972,21465,"GO:0008015;GO:0044057"
"query_1",TRUE,0.0215558159851156,627,958,44,0.0459290187891441,0.0701754385964912,"GO:0010256","GO:BP","endomembrane system organization",20972,3861,"GO:0016043"
"query_1",TRUE,0.0215787058749875,239,958,21,0.0219206680584551,0.0878661087866109,"GO:0044843","GO:BP","cell cycle G1/S phase transition",20972,10434,"GO:0044770"
"query_1",TRUE,0.021679100652466,645,958,45,0.046972860125261,0.0697674418604651,"GO:0032103","GO:BP","positive regulation of response to external stimulus",20972,6889,"GO:0009605;GO:0032101;GO:0048584"
"query_1",TRUE,0.0217342972821897,134,958,14,0.0146137787056367,0.104477611940299,"GO:0048565","GO:BP","digestive tract development",20972,11988,"GO:0035295;GO:0055123"
"query_1",TRUE,0.0217342972821897,55,958,8,0.00835073068893528,0.145454545454545,"GO:1904035","GO:BP","regulation of epithelial cell apoptotic process",20972,21825,"GO:0042981;GO:1904019"
"query_1",TRUE,0.0217342972821897,55,958,8,0.00835073068893528,0.145454545454545,"GO:0007528","GO:BP","neuromuscular junction development",20972,2874,"GO:0050808"
"query_1",TRUE,0.0217342972821897,255,958,22,0.022964509394572,0.0862745098039216,"GO:0050870","GO:BP","positive regulation of T cell activation",20972,12455,"GO:0042110;GO:0050863;GO:0051251;GO:1903039"
"query_1",TRUE,0.0217342972821897,23,958,5,0.00521920668058455,0.217391304347826,"GO:0072234","GO:BP","metanephric nephron tubule development",20972,16101,"GO:0072080;GO:0072170;GO:0072243"
"query_1",TRUE,0.0217342972821897,557,958,40,0.0417536534446764,0.0718132854578097,"GO:0005975","GO:BP","carbohydrate metabolic process",20972,1760,"GO:0044238"
"query_1",TRUE,0.0217342972821897,55,958,8,0.00835073068893528,0.145454545454545,"GO:2000351","GO:BP","regulation of endothelial cell apoptotic process",20972,23796,"GO:0042981;GO:0072577"
"query_1",TRUE,0.0217342972821897,23,958,5,0.00521920668058455,0.217391304347826,"GO:0010839","GO:BP","negative regulation of keratinocyte proliferation",20972,4242,"GO:0010837;GO:0043616;GO:0050680"
"query_1",TRUE,0.0217342972821897,120,958,13,0.0135699373695198,0.108333333333333,"GO:0001889","GO:BP","liver development",20972,502,"GO:0048732;GO:0061008"
"query_1",TRUE,0.0217342972821897,23,958,5,0.00521920668058455,0.217391304347826,"GO:2000810","GO:BP","regulation of bicellular tight junction assembly",20972,24157,"GO:0070830;GO:1901888"
"query_1",TRUE,0.0217342972821897,193,958,18,0.0187891440501044,0.0932642487046632,"GO:0071900","GO:BP","regulation of protein serine/threonine kinase activity",20972,15826,"GO:0045859"
"query_1",TRUE,0.0217342972821897,67,958,9,0.00939457202505219,0.134328358208955,"GO:0032922","GO:BP","circadian regulation of gene expression",20972,7401,"GO:0007623;GO:0010468"
"query_1",TRUE,0.0217342972821897,271,958,23,0.0240083507306889,0.0848708487084871,"GO:0006959","GO:BP","humoral immune response",20972,2459,"GO:0006955"
"query_1",TRUE,0.0217492576947246,1869,958,110,0.11482254697286,0.0588550026752274,"GO:0045184","GO:BP","establishment of protein localization",20972,10552,"GO:0051234"
"query_1",TRUE,0.0218581765060791,628,958,44,0.0459290187891441,0.0700636942675159,"GO:0002521","GO:BP","leukocyte differentiation",20972,1001,"GO:0030097;GO:0030154"
"query_1",TRUE,0.0221195917192404,93,958,11,0.011482254697286,0.118279569892473,"GO:0046889","GO:BP","positive regulation of lipid biosynthetic process",20972,11583,"GO:0008610;GO:0009891;GO:0045834;GO:0046890"
"query_1",TRUE,0.0222667736562989,80,958,10,0.0104384133611691,0.125,"GO:0021536","GO:BP","diencephalon development",20972,5712,"GO:0030900;GO:0048856"
"query_1",TRUE,0.0222731800439084,149,958,15,0.0156576200417537,0.100671140939597,"GO:0034101","GO:BP","erythrocyte homeostasis",20972,7847,"GO:0002262"
"query_1",TRUE,0.0222731800439084,33,958,6,0.00626304801670146,0.181818181818182,"GO:0071392","GO:BP","cellular response to estradiol stimulus",20972,15508,"GO:0032355;GO:0071396;GO:1901701"
"query_1",TRUE,0.0222731800439084,33,958,6,0.00626304801670146,0.181818181818182,"GO:0060603","GO:BP","mammary gland duct morphogenesis",20972,13769,"GO:0060443;GO:0060562;GO:0061180"
"query_1",TRUE,0.0222731800439084,33,958,6,0.00626304801670146,0.181818181818182,"GO:0097205","GO:BP","renal filtration",20972,17319,"GO:0003014"
"query_1",TRUE,0.0223184804618911,209,958,19,0.0198329853862213,0.0909090909090909,"GO:0048839","GO:BP","inner ear development",20972,12230,"GO:0043583;GO:0048856"
"query_1",TRUE,0.0226608379202544,194,958,18,0.0187891440501044,0.0927835051546392,"GO:0007254","GO:BP","JNK cascade",20972,2651,"GO:0000165"
"query_1",TRUE,0.0228692397579196,107,958,12,0.0125260960334029,0.11214953271028,"GO:0070555","GO:BP","response to interleukin-1",20972,15059,"GO:0034097"
"query_1",TRUE,0.0228692397579196,44,958,7,0.00730688935281837,0.159090909090909,"GO:0030501","GO:BP","positive regulation of bone mineralization",20972,6378,"GO:0030282;GO:0030500;GO:0045778;GO:0070169"
"query_1",TRUE,0.0228692397579196,44,958,7,0.00730688935281837,0.159090909090909,"GO:0032964","GO:BP","collagen biosynthetic process",20972,7435,"GO:0009058;GO:0032963"
"query_1",TRUE,0.0230510828355751,121,958,13,0.0135699373695198,0.107438016528926,"GO:0002062","GO:BP","chondrocyte differentiation",20972,634,"GO:0030154;GO:0051216"
"query_1",TRUE,0.0234880556687682,68,958,9,0.00939457202505219,0.132352941176471,"GO:0048002","GO:BP","antigen processing and presentation of peptide antigen",20972,11616,"GO:0019882"
"query_1",TRUE,0.0234880556687682,68,958,9,0.00939457202505219,0.132352941176471,"GO:0045682","GO:BP","regulation of epidermis development",20972,10761,"GO:0008544;GO:0050793"
"query_1",TRUE,0.0234880556687682,68,958,9,0.00939457202505219,0.132352941176471,"GO:0002028","GO:BP","regulation of sodium ion transport",20972,613,"GO:0006814;GO:0010959"
"query_1",TRUE,0.0236875460079966,94,958,11,0.011482254697286,0.117021276595745,"GO:0002690","GO:BP","positive regulation of leukocyte chemotaxis",20972,1162,"GO:0002687;GO:0002688;GO:0030595;GO:0050921"
"query_1",TRUE,0.0236875460079966,94,958,11,0.011482254697286,0.117021276595745,"GO:1900182","GO:BP","positive regulation of protein localization to nucleus",20972,19223,"GO:0034504;GO:1900180;GO:1903829"
"query_1",TRUE,0.0236875460079966,94,958,11,0.011482254697286,0.117021276595745,"GO:1903035","GO:BP","negative regulation of response to wounding",20972,21138,"GO:0009611;GO:0048585;GO:1903034"
"query_1",TRUE,0.0239606175755541,1052,958,67,0.069937369519833,0.0636882129277567,"GO:0006812","GO:BP","monoatomic cation transport",20972,2364,"GO:0006811"
"query_1",TRUE,0.0241904226842927,136,958,14,0.0146137787056367,0.102941176470588,"GO:0035270","GO:BP","endocrine system development",20972,8355,"GO:0048731"
"query_1",TRUE,0.0244381728518675,108,958,12,0.0125260960334029,0.111111111111111,"GO:0044272","GO:BP","sulfur compound biosynthetic process",20972,10242,"GO:0006790;GO:0009058"
"query_1",TRUE,0.0245216809014273,323,958,26,0.0271398747390397,0.0804953560371517,"GO:0008202","GO:BP","steroid metabolic process",20972,2989,"GO:0006629"
"query_1",TRUE,0.0245822671656835,297,539,31,0.0575139146567718,0.104377104377104,"KEGG:04517","KEGG","IgSF CAM signaling",8716,326,"KEGG:00000"
"query_1",TRUE,0.0248632779764391,15,958,4,0.00417536534446764,0.266666666666667,"GO:0071696","GO:BP","ectodermal placode development",20972,15723,"GO:0048856"
"query_1",TRUE,0.0248632779764391,15,958,4,0.00417536534446764,0.266666666666667,"GO:0098885","GO:BP","modification of postsynaptic actin cytoskeleton",20972,17690,"GO:0099010"
"query_1",TRUE,0.0248632779764391,15,958,4,0.00417536534446764,0.266666666666667,"GO:0072148","GO:BP","epithelial cell fate commitment",20972,16022,"GO:0030855;GO:0045165"
"query_1",TRUE,0.0248632779764391,15,958,4,0.00417536534446764,0.266666666666667,"GO:0072160","GO:BP","nephron tubule epithelial cell differentiation",20972,16031,"GO:0035850;GO:0072080"
"query_1",TRUE,0.0248632779764391,196,958,18,0.0187891440501044,0.0918367346938776,"GO:0009746","GO:BP","response to hexose",20972,3483,"GO:0034284"
"query_1",TRUE,0.0248632779764391,15,958,4,0.00417536534446764,0.266666666666667,"GO:0046598","GO:BP","positive regulation of viral entry into host cell",20972,11410,"GO:0046596;GO:0046718;GO:0075294;GO:1903902"
"query_1",TRUE,0.0248632779764391,15,958,4,0.00417536534446764,0.266666666666667,"GO:0007567","GO:BP","parturition",20972,2905,"GO:0044703;GO:0044706"
"query_1",TRUE,0.0248632779764391,15,958,4,0.00417536534446764,0.266666666666667,"GO:0075294","GO:BP","positive regulation by symbiont of entry into host",20972,16525,"GO:0044409;GO:0048518;GO:0052372"
"query_1",TRUE,0.0248632779764391,15,958,4,0.00417536534446764,0.266666666666667,"GO:2001028","GO:BP","positive regulation of endothelial cell chemotaxis",20972,24339,"GO:0010595;GO:0035767;GO:0050921;GO:2001026"
"query_1",TRUE,0.0248632779764391,15,958,4,0.00417536534446764,0.266666666666667,"GO:2000136","GO:BP","regulation of cell proliferation involved in heart morphogenesis",20972,23628,"GO:0042127;GO:0061323"
"query_1",TRUE,0.0248632779764391,227,958,20,0.0208768267223382,0.0881057268722467,"GO:0030595","GO:BP","leukocyte chemotaxis",20972,6417,"GO:0050900;GO:0060326"
"query_1",TRUE,0.0248632779764391,15,958,4,0.00417536534446764,0.266666666666667,"GO:0002468","GO:BP","dendritic cell antigen processing and presentation",20972,949,"GO:0019882"
"query_1",TRUE,0.0248632779764391,15,958,4,0.00417536534446764,0.266666666666667,"GO:0061308","GO:BP","cardiac neural crest cell development involved in heart development",20972,14315,"GO:0014032;GO:0061307"
"query_1",TRUE,0.0248632779764391,15,958,4,0.00417536534446764,0.266666666666667,"GO:0061307","GO:BP","cardiac neural crest cell differentiation involved in heart development",20972,14314,"GO:0014033;GO:0035051"
"query_1",TRUE,0.0248632779764391,15,958,4,0.00417536534446764,0.266666666666667,"GO:0061323","GO:BP","cell proliferation involved in heart morphogenesis",20972,14325,"GO:0003007;GO:0008283"
"query_1",TRUE,0.0248962495454372,181,958,17,0.0177453027139875,0.0939226519337017,"GO:0002262","GO:BP","myeloid cell homeostasis",20972,770,"GO:0002376;GO:0048872"
"query_1",TRUE,0.0252275265134489,95,958,11,0.011482254697286,0.115789473684211,"GO:0071229","GO:BP","cellular response to acid chemical",20972,15357,"GO:0001101;GO:0070887"
"query_1",TRUE,0.0252275265134489,34,958,6,0.00626304801670146,0.176470588235294,"GO:0001893","GO:BP","maternal placenta development",20972,505,"GO:0001890;GO:0003006;GO:0048856;GO:0060135"
"query_1",TRUE,0.0252275265134489,34,958,6,0.00626304801670146,0.176470588235294,"GO:0090183","GO:BP","regulation of kidney development",20972,16889,"GO:0001822;GO:0050793"
"query_1",TRUE,0.0252307093091552,99,539,14,0.025974025974026,0.141414141414141,"KEGG:05410","KEGG","Hypertrophic cardiomyopathy",8716,505,"KEGG:00000"
"query_1",TRUE,0.0253470364895012,24,958,5,0.00521920668058455,0.208333333333333,"GO:0051894","GO:BP","positive regulation of focal adhesion assembly",20972,13046,"GO:0001954;GO:0048041;GO:0051893;GO:0150117;GO:1901890"
"query_1",TRUE,0.0253470364895012,24,958,5,0.00521920668058455,0.208333333333333,"GO:0002043","GO:BP","blood vessel endothelial cell proliferation involved in sprouting angiogenesis",20972,626,"GO:0001935;GO:0002040"
"query_1",TRUE,0.0253470364895012,24,958,5,0.00521920668058455,0.208333333333333,"GO:0072112","GO:BP","podocyte differentiation",20972,15986,"GO:0061318;GO:0072311"
"query_1",TRUE,0.0253470364895012,24,958,5,0.00521920668058455,0.208333333333333,"GO:0061318","GO:BP","renal filtration cell differentiation",20972,14320,"GO:0030154;GO:0072001"
"query_1",TRUE,0.0253470364895012,45,958,7,0.00730688935281837,0.155555555555556,"GO:0030201","GO:BP","heparan sulfate proteoglycan metabolic process",20972,6275,"GO:0006029"
"query_1",TRUE,0.0255544395301411,564,958,40,0.0417536534446764,0.0709219858156028,"GO:0019221","GO:BP","cytokine-mediated signaling pathway",20972,5275,"GO:0007166;GO:0071345"
"query_1",TRUE,0.0255986242158296,131,644,18,0.0279503105590062,0.137404580152672,"REAC:R-HSA-76005","REAC","Response to elevated platelet cytosolic Ca2+",11056,2174,"REAC:R-HSA-76002"
"query_1",TRUE,0.0255986242158296,42,644,9,0.0139751552795031,0.214285714285714,"REAC:R-HSA-9696264","REAC","RND3 GTPase cycle",11056,1980,"REAC:R-HSA-9012999"
"query_1",TRUE,0.0256266193524515,82,958,10,0.0104384133611691,0.121951219512195,"GO:0086003","GO:BP","cardiac muscle cell contraction",20972,16697,"GO:0060048;GO:0070252"
"query_1",TRUE,0.0257037710590848,123,958,13,0.0135699373695198,0.105691056910569,"GO:0061008","GO:BP","hepaticobiliary system development",20972,14078,"GO:0048731"
"query_1",TRUE,0.0257037710590848,109,958,12,0.0125260960334029,0.110091743119266,"GO:0019751","GO:BP","polyol metabolic process",20972,5631,"GO:0006066"
"query_1",TRUE,0.0257408753708056,34,644,8,0.0124223602484472,0.235294117647059,"REAC:R-HSA-156590","REAC","Glutathione conjugation",11056,1106,"REAC:R-HSA-156580"
"query_1",TRUE,0.0259008674864053,244,958,21,0.0219206680584551,0.0860655737704918,"GO:0002573","GO:BP","myeloid leukocyte differentiation",20972,1048,"GO:0002521;GO:0030099"
"query_1",TRUE,0.0259886072544369,57,958,8,0.00835073068893528,0.140350877192982,"GO:0031547","GO:BP","brain-derived neurotrophic factor receptor signaling pathway",20972,6749,"GO:0007169"
"query_1",TRUE,0.0261718915963958,835,958,55,0.0574112734864301,0.0658682634730539,"GO:0032940","GO:BP","secretion by cell",20972,7414,"GO:0046903;GO:0140352"
"query_1",TRUE,0.0263360194524845,342,958,27,0.0281837160751566,0.0789473684210526,"GO:0010959","GO:BP","regulation of metal ion transport",20972,4322,"GO:0030001;GO:0043269"
"query_1",TRUE,0.0267722818366313,138,958,14,0.0146137787056367,0.101449275362319,"GO:0030218","GO:BP","erythrocyte differentiation",20972,6287,"GO:0030099;GO:0034101"
"query_1",TRUE,0.0267913174428114,229,958,20,0.0208768267223382,0.0873362445414847,"GO:0019318","GO:BP","hexose metabolic process",20972,5347,"GO:0005996"
"query_1",TRUE,0.0268725051315673,8,644,4,0.0062111801242236,0.5,"REAC:R-HSA-5638303","REAC","Inhibition of Signaling by Overexpressed EGFR",11056,1244,"REAC:R-HSA-5638302"
"query_1",TRUE,0.0268725051315673,8,644,4,0.0062111801242236,0.5,"REAC:R-HSA-5638302","REAC","Signaling by Overexpressed Wild-Type EGFR in Cancer",11056,2387,"REAC:R-HSA-1643713"
"query_1",TRUE,0.0269348951955314,96,958,11,0.011482254697286,0.114583333333333,"GO:0043405","GO:BP","regulation of MAP kinase activity",20972,10002,"GO:0071900"
"query_1",TRUE,0.0269348951955314,96,958,11,0.011482254697286,0.114583333333333,"GO:0071677","GO:BP","positive regulation of mononuclear cell migration",20972,15709,"GO:0002687;GO:0071674;GO:0071675"
"query_1",TRUE,0.0269658302633049,245,958,21,0.0219206680584551,0.0857142857142857,"GO:0006814","GO:BP","sodium ion transport",20972,2366,"GO:0030001"
"query_1",TRUE,0.0273119582814107,183,958,17,0.0177453027139875,0.092896174863388,"GO:0072331","GO:BP","signal transduction by p53 class mediator",20972,16181,"GO:0035556"
"query_1",TRUE,0.0274166185493651,8,958,3,0.00313152400835073,0.375,"GO:2000391","GO:BP","positive regulation of neutrophil extravasation",20972,23826,"GO:0002693;GO:0072672;GO:1902624;GO:2000389"
"query_1",TRUE,0.0274166185493651,2641,958,148,0.154488517745303,0.0560393790230973,"GO:0009056","GO:BP","catabolic process",20972,3092,"GO:0008152"
"query_1",TRUE,0.0274166185493651,8,958,3,0.00313152400835073,0.375,"GO:1904904","GO:BP","regulation of endothelial cell-matrix adhesion",20972,22465,"GO:0001952;GO:0090673"
"query_1",TRUE,0.0274166185493651,8,958,3,0.00313152400835073,0.375,"GO:0060600","GO:BP","dichotomous subdivision of an epithelial terminal unit",20972,13766,"GO:0002009;GO:0061138"
"query_1",TRUE,0.0274166185493651,8,958,3,0.00313152400835073,0.375,"GO:0099515","GO:BP","actin filament-based transport",20972,17860,"GO:0030705"
"query_1",TRUE,0.0274166185493651,83,958,10,0.0104384133611691,0.120481927710843,"GO:0071347","GO:BP","cellular response to interleukin-1",20972,15463,"GO:0070555;GO:0071345"
"query_1",TRUE,0.0274166185493651,8,958,3,0.00313152400835073,0.375,"GO:1902913","GO:BP","positive regulation of neuroepithelial cell differentiation",20972,21059,"GO:0030858;GO:0060563"
"query_1",TRUE,0.0274166185493651,8,958,3,0.00313152400835073,0.375,"GO:0060839","GO:BP","endothelial cell fate commitment",20972,13941,"GO:0045446;GO:0072148"
"query_1",TRUE,0.0274166185493651,8,958,3,0.00313152400835073,0.375,"GO:0003129","GO:BP","heart induction",20972,1512,"GO:0001759;GO:0003128;GO:2000826"
"query_1",TRUE,0.0274166185493651,8,958,3,0.00313152400835073,0.375,"GO:0060509","GO:BP","type I pneumocyte differentiation",20972,13700,"GO:0060487"
"query_1",TRUE,0.0274166185493651,83,958,10,0.0104384133611691,0.120481927710843,"GO:0055006","GO:BP","cardiac cell development",20972,13220,"GO:0035051;GO:0048468"
"query_1",TRUE,0.0274166185493651,83,958,10,0.0104384133611691,0.120481927710843,"GO:0086001","GO:BP","cardiac muscle cell action potential",20972,16695,"GO:0001508"
"query_1",TRUE,0.0277257313027068,230,958,20,0.0208768267223382,0.0869565217391304,"GO:0050821","GO:BP","protein stabilization",20972,12421,"GO:0031647"
"query_1",TRUE,0.0281052054311512,139,958,14,0.0146137787056367,0.100719424460432,"GO:0046328","GO:BP","regulation of JNK cascade",20972,11266,"GO:0007254;GO:0043408"
"query_1",TRUE,0.0284194975072831,35,958,6,0.00626304801670146,0.171428571428571,"GO:1902624","GO:BP","positive regulation of neutrophil migration",20972,20858,"GO:0002687;GO:1902622;GO:1990266"
"query_1",TRUE,0.0284194975072831,35,958,6,0.00626304801670146,0.171428571428571,"GO:0071425","GO:BP","hematopoietic stem cell proliferation",20972,15538,"GO:0030097;GO:0072089"
"query_1",TRUE,0.0284194975072831,35,958,6,0.00626304801670146,0.171428571428571,"GO:0048665","GO:BP","neuron fate specification",20972,12074,"GO:0001708;GO:0048663"
"query_1",TRUE,0.0285527564488809,154,958,15,0.0156576200417537,0.0974025974025974,"GO:0001935","GO:BP","endothelial cell proliferation",20972,536,"GO:0050673"
"query_1",TRUE,0.0285527564488809,215,958,19,0.0198329853862213,0.0883720930232558,"GO:0060348","GO:BP","bone development",20972,13568,"GO:0001501;GO:0048513"
"query_1",TRUE,0.0290237833363646,263,958,22,0.022964509394572,0.0836501901140684,"GO:0031348","GO:BP","negative regulation of defense response",20972,6683,"GO:0006952;GO:0031347;GO:0048585"
"query_1",TRUE,0.0290237833363646,111,958,12,0.0125260960334029,0.108108108108108,"GO:0120034","GO:BP","positive regulation of plasma membrane bounded cell projection assembly",20972,18203,"GO:0031346;GO:0044089;GO:0120031;GO:0120032"
"query_1",TRUE,0.029443443350984,695,958,47,0.0490605427974948,0.0676258992805755,"GO:0051129","GO:BP","negative regulation of cellular component organization",20972,12628,"GO:0016043;GO:0048523;GO:0051128"
"query_1",TRUE,0.0295083644665445,25,958,5,0.00521920668058455,0.2,"GO:0071467","GO:BP","cellular response to pH",20972,15562,"GO:0009268;GO:0071214"
"query_1",TRUE,0.0295083644665445,25,958,5,0.00521920668058455,0.2,"GO:0042430","GO:BP","indole-containing compound metabolic process",20972,9519,"GO:0008152"
"query_1",TRUE,0.0295083644665445,25,958,5,0.00521920668058455,0.2,"GO:0060575","GO:BP","intestinal epithelial cell differentiation",20972,13747,"GO:0002065;GO:0048565"
"query_1",TRUE,0.0295083644665445,25,958,5,0.00521920668058455,0.2,"GO:0072170","GO:BP","metanephric tubule development",20972,16041,"GO:0035295;GO:0072207"
"query_1",TRUE,0.0295411877532861,71,958,9,0.00939457202505219,0.126760563380282,"GO:0061045","GO:BP","negative regulation of wound healing",20972,14107,"GO:0032102;GO:0042060;GO:0061041;GO:1903035"
"query_1",TRUE,0.0295411877532861,71,958,9,0.00939457202505219,0.126760563380282,"GO:0045685","GO:BP","regulation of glial cell differentiation",20972,10764,"GO:0010001;GO:0045595"
"query_1",TRUE,0.0295411877532861,71,958,9,0.00939457202505219,0.126760563380282,"GO:0050918","GO:BP","positive chemotaxis",20972,12497,"GO:0006935"
"query_1",TRUE,0.0300477414180235,170,958,16,0.0167014613778706,0.0941176470588235,"GO:0035264","GO:BP","multicellular organism growth",20972,8351,"GO:0032501;GO:0048589"
"query_1",TRUE,0.0304794622650835,16,958,4,0.00417536534446764,0.25,"GO:0010633","GO:BP","negative regulation of epithelial cell migration",20972,4092,"GO:0010631;GO:0010632;GO:0030336;GO:0051241"
"query_1",TRUE,0.0304794622650835,16,958,4,0.00417536534446764,0.25,"GO:0071468","GO:BP","cellular response to acidic pH",20972,15563,"GO:0010447;GO:0071467"
"query_1",TRUE,0.0304794622650835,16,958,4,0.00417536534446764,0.25,"GO:0097709","GO:BP","connective tissue replacement",20972,17505,"GO:0048771"
"query_1",TRUE,0.0304794622650835,16,958,4,0.00417536534446764,0.25,"GO:0031268","GO:BP","pseudopodium organization",20972,6646,"GO:0120036"
"query_1",TRUE,0.0305759403243167,98,958,11,0.011482254697286,0.112244897959184,"GO:0019218","GO:BP","regulation of steroid metabolic process",20972,5273,"GO:0008202;GO:0019216"
"query_1",TRUE,0.0310416747237635,47,958,7,0.00730688935281837,0.148936170212766,"GO:0120178","GO:BP","steroid hormone biosynthetic process",20972,18271,"GO:0006694"
"query_1",TRUE,0.0312798781522714,265,958,22,0.022964509394572,0.0830188679245283,"GO:0050708","GO:BP","regulation of protein secretion",20972,12364,"GO:0009306;GO:0051223;GO:1903530"
"query_1",TRUE,0.0313725112634556,608,958,42,0.0438413361169102,0.0690789473684211,"GO:0051046","GO:BP","regulation of secretion",20972,12585,"GO:0046903;GO:0051049"
"query_1",TRUE,0.0317632570260676,72,644,12,0.0186335403726708,0.166666666666667,"REAC:R-HSA-9009391","REAC","Extra-nuclear estrogen signaling",11056,929,"REAC:R-HSA-8939211"
"query_1",TRUE,0.0317632570260676,14,644,5,0.0077639751552795,0.357142857142857,"REAC:R-HSA-3656237","REAC","Defective EXT2 causes exostoses 2",11056,560,"REAC:R-HSA-3560782"
"query_1",TRUE,0.0317632570260676,14,644,5,0.0077639751552795,0.357142857142857,"REAC:R-HSA-3656253","REAC","Defective EXT1 causes exostoses 1, TRPS2 and CHDS",11056,559,"REAC:R-HSA-3560782"
"query_1",TRUE,0.0318009585500856,85,958,10,0.0104384133611691,0.117647058823529,"GO:0042542","GO:BP","response to hydrogen peroxide",20972,9580,"GO:0000302"
"query_1",TRUE,0.0321720264832318,36,958,6,0.00626304801670146,0.166666666666667,"GO:0033280","GO:BP","response to vitamin D",20972,7583,"GO:0033273;GO:0033993;GO:1901700"
"query_1",TRUE,0.0321720264832318,36,958,6,0.00626304801670146,0.166666666666667,"GO:0061436","GO:BP","establishment of skin barrier",20972,14386,"GO:0098773"
"query_1",TRUE,0.0322914563248674,127,958,13,0.0135699373695198,0.102362204724409,"GO:0021782","GO:BP","glial cell development",20972,5952,"GO:0010001;GO:0048468"
"query_1",TRUE,0.0341171661320998,60,958,8,0.00835073068893528,0.133333333333333,"GO:0009948","GO:BP","anterior/posterior axis specification",20972,3625,"GO:0009798;GO:0009952"
"query_1",TRUE,0.0341171661320998,60,958,8,0.00835073068893528,0.133333333333333,"GO:0072577","GO:BP","endothelial cell apoptotic process",20972,16271,"GO:0006915"
"query_1",TRUE,0.0341171661320998,60,958,8,0.00835073068893528,0.133333333333333,"GO:1903317","GO:BP","regulation of protein maturation",20972,21297,"GO:0010468;GO:0051246;GO:0051604"
"query_1",TRUE,0.0341171661320998,60,958,8,0.00835073068893528,0.133333333333333,"GO:0071384","GO:BP","cellular response to corticosteroid stimulus",20972,15500,"GO:0031960;GO:0071383"
"query_1",TRUE,0.0341171661320998,811,958,53,0.0553235908141962,0.0653514180024661,"GO:0046649","GO:BP","lymphocyte activation",20972,11448,"GO:0045321"
"query_1",TRUE,0.0345307684325218,26,958,5,0.00521920668058455,0.192307692307692,"GO:0010447","GO:BP","response to acidic pH",20972,3960,"GO:0009268"
"query_1",TRUE,0.0345307684325218,26,958,5,0.00521920668058455,0.192307692307692,"GO:0006817","GO:BP","phosphate ion transport",20972,2368,"GO:0015698"
"query_1",TRUE,0.0345464957577528,48,958,7,0.00730688935281837,0.145833333333333,"GO:0051489","GO:BP","regulation of filopodium assembly",20972,12831,"GO:0046847;GO:0120032"
"query_1",TRUE,0.0348976284660072,73,958,9,0.00939457202505219,0.123287671232877,"GO:0007405","GO:BP","neuroblast proliferation",20972,2766,"GO:0048699;GO:0061351"
"query_1",TRUE,0.0350097459546967,3,958,2,0.00208768267223382,0.666666666666667,"GO:0003165","GO:BP","Purkinje myocyte development",20972,1538,"GO:0003164;GO:0003229"
"query_1",TRUE,0.0350097459546967,3,958,2,0.00208768267223382,0.666666666666667,"GO:2000182","GO:BP","regulation of progesterone biosynthetic process",20972,23653,"GO:0006701;GO:0010566;GO:0046885;GO:0050810"
"query_1",TRUE,0.0350097459546967,3,958,2,0.00208768267223382,0.666666666666667,"GO:0060838","GO:BP","lymphatic endothelial cell fate commitment",20972,13940,"GO:0060836;GO:0060839"
"query_1",TRUE,0.0350097459546967,3,958,2,0.00208768267223382,0.666666666666667,"GO:0002528","GO:BP","regulation of vascular permeability involved in acute inflammatory response",20972,1007,"GO:0002526;GO:0043114"
"query_1",TRUE,0.0350097459546967,3,958,2,0.00208768267223382,0.666666666666667,"GO:1902109","GO:BP","negative regulation of mitochondrial membrane permeability involved in apoptotic process",20972,20536,"GO:0035795;GO:1902108"
"query_1",TRUE,0.0350097459546967,3,958,2,0.00208768267223382,0.666666666666667,"GO:1904100","GO:BP","positive regulation of protein O-linked glycosylation",20972,21868,"GO:0006493;GO:0010560;GO:1904098"
"query_1",TRUE,0.0350097459546967,3,958,2,0.00208768267223382,0.666666666666667,"GO:0061713","GO:BP","anterior neural tube closure",20972,14532,"GO:0001843;GO:0060606"
"query_1",TRUE,0.0350097459546967,252,958,21,0.0219206680584551,0.0833333333333333,"GO:0032869","GO:BP","cellular response to insulin stimulus",20972,7354,"GO:0032868;GO:0071375"
"query_1",TRUE,0.0350097459546967,3,958,2,0.00208768267223382,0.666666666666667,"GO:0002581","GO:BP","negative regulation of antigen processing and presentation of peptide or polysaccharide antigen via MHC class II",20972,1056,"GO:0002504;GO:0002578;GO:0002580"
"query_1",TRUE,0.0350097459546967,3,958,2,0.00208768267223382,0.666666666666667,"GO:0007500","GO:BP","mesodermal cell fate determination",20972,2850,"GO:0001709;GO:0001710"
"query_1",TRUE,0.0350097459546967,3,958,2,0.00208768267223382,0.666666666666667,"GO:0033058","GO:BP","directional locomotion",20972,7490,"GO:0040011"
"query_1",TRUE,0.0350097459546967,3,958,2,0.00208768267223382,0.666666666666667,"GO:0010909","GO:BP","positive regulation of heparan sulfate proteoglycan biosynthetic process",20972,4286,"GO:0010908;GO:0015012;GO:1902730;GO:1904100"
"query_1",TRUE,0.0350097459546967,3,958,2,0.00208768267223382,0.666666666666667,"GO:0060769","GO:BP","positive regulation of epithelial cell proliferation involved in prostate gland development",20972,13900,"GO:0050679;GO:0051094;GO:0060767;GO:0060768;GO:2000243"
"query_1",TRUE,0.0350097459546967,3,958,2,0.00208768267223382,0.666666666666667,"GO:0060741","GO:BP","prostate gland stromal morphogenesis",20972,13872,"GO:0003006;GO:0009653;GO:0060512;GO:0061448"
"query_1",TRUE,0.0350097459546967,3,958,2,0.00208768267223382,0.666666666666667,"GO:0071699","GO:BP","olfactory placode morphogenesis",20972,15726,"GO:0048598;GO:0071697;GO:0071698"
"query_1",TRUE,0.0350097459546967,3,958,2,0.00208768267223382,0.666666666666667,"GO:1900052","GO:BP","regulation of retinoic acid biosynthetic process",20972,19127,"GO:0002138;GO:0010565;GO:0019747;GO:0030656;GO:0032350;GO:0046890"
"query_1",TRUE,0.0350097459546967,3,958,2,0.00208768267223382,0.666666666666667,"GO:0072191","GO:BP","ureter smooth muscle development",20972,16062,"GO:0048745;GO:0072189"
"query_1",TRUE,0.0350097459546967,3,958,2,0.00208768267223382,0.666666666666667,"GO:0072193","GO:BP","ureter smooth muscle cell differentiation",20972,16064,"GO:0051145;GO:0072191"
"query_1",TRUE,0.0350097459546967,3,958,2,0.00208768267223382,0.666666666666667,"GO:0071698","GO:BP","olfactory placode development",20972,15725,"GO:0071696"
"query_1",TRUE,0.0350097459546967,3,958,2,0.00208768267223382,0.666666666666667,"GO:0098942","GO:BP","retrograde trans-synaptic signaling by trans-synaptic protein complex",20972,17729,"GO:0098917;GO:0099545"
"query_1",TRUE,0.0350097459546967,3,958,2,0.00208768267223382,0.666666666666667,"GO:0030910","GO:BP","olfactory placode formation",20972,6515,"GO:0043584;GO:0060788;GO:0071699"
"query_1",TRUE,0.0350097459546967,100,958,11,0.011482254697286,0.11,"GO:0070167","GO:BP","regulation of biomineral tissue development",20972,14853,"GO:0031214;GO:2000026"
"query_1",TRUE,0.0350097459546967,3,958,2,0.00208768267223382,0.666666666666667,"GO:0002051","GO:BP","osteoblast fate commitment",20972,631,"GO:0001649;GO:0045165"
"query_1",TRUE,0.0350097459546967,3,958,2,0.00208768267223382,0.666666666666667,"GO:0006982","GO:BP","response to lipid hydroperoxide",20972,2472,"GO:0033194;GO:0033993"
"query_1",TRUE,0.0350097459546967,3,958,2,0.00208768267223382,0.666666666666667,"GO:0071504","GO:BP","cellular response to heparin",20972,15599,"GO:0071503;GO:1901699;GO:1901701"
"query_1",TRUE,0.0350097459546967,3,958,2,0.00208768267223382,0.666666666666667,"GO:1901335","GO:BP","lactone catabolic process",20972,20007,"GO:0009056;GO:1901334"
"query_1",TRUE,0.0350097459546967,3,958,2,0.00208768267223382,0.666666666666667,"GO:0072139","GO:BP","glomerular parietal epithelial cell differentiation",20972,16013,"GO:0072311"
"query_1",TRUE,0.0350097459546967,3,958,2,0.00208768267223382,0.666666666666667,"GO:0072198","GO:BP","mesenchymal cell proliferation involved in ureter development",20972,16069,"GO:0010463;GO:0072189"
"query_1",TRUE,0.0350097459546967,3,958,2,0.00208768267223382,0.666666666666667,"GO:0090037","GO:BP","positive regulation of protein kinase C signaling",20972,16779,"GO:0070528;GO:0090036;GO:1902533"
"query_1",TRUE,0.0350097459546967,114,958,12,0.0125260960334029,0.105263157894737,"GO:0001708","GO:BP","cell fate specification",20972,387,"GO:0045165;GO:0048869"
"query_1",TRUE,0.0350097459546967,3,958,2,0.00208768267223382,0.666666666666667,"GO:0060327","GO:BP","cytoplasmic actin-based contraction involved in cell motility",20972,13549,"GO:0048870;GO:0070252"
"query_1",TRUE,0.0350097459546967,3,958,2,0.00208768267223382,0.666666666666667,"GO:0006714","GO:BP","sesquiterpenoid metabolic process",20972,2297,"GO:0006721"
"query_1",TRUE,0.0350097459546967,3,958,2,0.00208768267223382,0.666666666666667,"GO:1902499","GO:BP","positive regulation of protein autoubiquitination",20972,20795,"GO:0031398;GO:0051865;GO:1902498"
"query_1",TRUE,0.0350097459546967,3,958,2,0.00208768267223382,0.666666666666667,"GO:0002541","GO:BP","activation of plasma proteins involved in acute inflammatory response",20972,1016,"GO:0002526;GO:0016485"
"query_1",TRUE,0.0355327462287615,37,958,6,0.00626304801670146,0.162162162162162,"GO:0070306","GO:BP","lens fiber cell differentiation",20972,14942,"GO:0002088;GO:0030855"
"query_1",TRUE,0.0355327462287615,37,958,6,0.00626304801670146,0.162162162162162,"GO:0045429","GO:BP","positive regulation of nitric oxide biosynthetic process",20972,10604,"GO:0006809;GO:0009891;GO:0045428"
"query_1",TRUE,0.0355327462287615,37,958,6,0.00626304801670146,0.162162162162162,"GO:0010712","GO:BP","regulation of collagen metabolic process",20972,4144,"GO:0019222;GO:0032963"
"query_1",TRUE,0.0355327462287615,37,958,6,0.00626304801670146,0.162162162162162,"GO:0070633","GO:BP","transepithelial transport",20972,15102,"GO:0006810"
"query_1",TRUE,0.0355327462287615,37,958,6,0.00626304801670146,0.162162162162162,"GO:0070293","GO:BP","renal absorption",20972,14930,"GO:0003014"
"query_1",TRUE,0.0357161516348379,174,958,16,0.0167014613778706,0.0919540229885057,"GO:0008286","GO:BP","insulin receptor signaling pathway",20972,3013,"GO:0007169;GO:0032869"
"query_1",TRUE,0.0357372182205878,2827,958,156,0.162839248434238,0.0551821719136894,"GO:0006366","GO:BP","transcription by RNA polymerase II",20972,2033,"GO:0006351"
"query_1",TRUE,0.0358808301721518,87,958,10,0.0104384133611691,0.114942528735632,"GO:0046620","GO:BP","regulation of organ growth",20972,11422,"GO:0035265;GO:0048638;GO:0051239"
"query_1",TRUE,0.0358808301721518,87,958,10,0.0104384133611691,0.114942528735632,"GO:0071230","GO:BP","cellular response to amino acid stimulus",20972,15358,"GO:0043200;GO:0071229"
"query_1",TRUE,0.0362139952208449,9,958,3,0.00313152400835073,0.333333333333333,"GO:0015917","GO:BP","aminophospholipid transport",20972,4773,"GO:0015914;GO:0071705"
"query_1",TRUE,0.0362139952208449,17,958,4,0.00417536534446764,0.235294117647059,"GO:0030728","GO:BP","ovulation",20972,6461,"GO:0007292;GO:0048609"
"query_1",TRUE,0.0362139952208449,17,958,4,0.00417536534446764,0.235294117647059,"GO:0007379","GO:BP","segment specification",20972,2743,"GO:0007389;GO:0035282"
"query_1",TRUE,0.0362139952208449,9,958,3,0.00313152400835073,0.333333333333333,"GO:2000389","GO:BP","regulation of neutrophil extravasation",20972,23824,"GO:0002691;GO:0072672;GO:1902622"
"query_1",TRUE,0.0362139952208449,9,958,3,0.00313152400835073,0.333333333333333,"GO:0036017","GO:BP","response to erythropoietin",20972,8783,"GO:0034097"
"query_1",TRUE,0.0362139952208449,9,958,3,0.00313152400835073,0.333333333333333,"GO:0051561","GO:BP","positive regulation of mitochondrial calcium ion concentration",20972,12870,"GO:0051560"
"query_1",TRUE,0.0362139952208449,17,958,4,0.00417536534446764,0.235294117647059,"GO:0042574","GO:BP","retinal metabolic process",20972,9596,"GO:0001523;GO:0006081;GO:0120254"
"query_1",TRUE,0.0362139952208449,9,958,3,0.00313152400835073,0.333333333333333,"GO:0032351","GO:BP","negative regulation of hormone metabolic process",20972,7022,"GO:0009892;GO:0032350;GO:0042445"
"query_1",TRUE,0.0362139952208449,353,958,27,0.0281837160751566,0.0764872521246459,"GO:0032535","GO:BP","regulation of cellular component size",20972,7133,"GO:0016043;GO:0090066"
"query_1",TRUE,0.0362139952208449,17,958,4,0.00417536534446764,0.235294117647059,"GO:0055119","GO:BP","relaxation of cardiac muscle",20972,13282,"GO:0090075"
"query_1",TRUE,0.0362139952208449,9,958,3,0.00313152400835073,0.333333333333333,"GO:0060056","GO:BP","mammary gland involution",20972,13338,"GO:0048771;GO:0060443"
"query_1",TRUE,0.0362139952208449,9,958,3,0.00313152400835073,0.333333333333333,"GO:0036305","GO:BP","ameloblast differentiation",20972,8933,"GO:0002065"
"query_1",TRUE,0.0362139952208449,9,958,3,0.00313152400835073,0.333333333333333,"GO:0036018","GO:BP","cellular response to erythropoietin",20972,8784,"GO:0036017;GO:0071345"
"query_1",TRUE,0.0362139952208449,101,958,11,0.011482254697286,0.108910891089109,"GO:0000041","GO:BP","transition metal ion transport",20972,15,"GO:0030001"
"query_1",TRUE,0.0362139952208449,61,958,8,0.00835073068893528,0.131147540983607,"GO:0006695","GO:BP","cholesterol biosynthetic process",20972,2279,"GO:0008203;GO:0016126;GO:1902653"
"query_1",TRUE,0.0362139952208449,9,958,3,0.00313152400835073,0.333333333333333,"GO:0048845","GO:BP","venous blood vessel morphogenesis",20972,12236,"GO:0048514;GO:0060841"
"query_1",TRUE,0.0362139952208449,9,958,3,0.00313152400835073,0.333333333333333,"GO:1902746","GO:BP","regulation of lens fiber cell differentiation",20972,20930,"GO:0030856;GO:0070306"
"query_1",TRUE,0.0362139952208449,61,958,8,0.00835073068893528,0.131147540983607,"GO:1902653","GO:BP","secondary alcohol biosynthetic process",20972,20879,"GO:0046165;GO:1902652"
"query_1",TRUE,0.0362139952208449,17,958,4,0.00417536534446764,0.235294117647059,"GO:0010755","GO:BP","regulation of plasminogen activation",20972,4175,"GO:0031639;GO:0070613"
"query_1",TRUE,0.0362139952208449,421,958,31,0.0323590814196242,0.0736342042755344,"GO:0043269","GO:BP","regulation of monoatomic ion transport",20972,9925,"GO:0006811;GO:0051049"
"query_1",TRUE,0.0362139952208449,17,958,4,0.00417536534446764,0.235294117647059,"GO:2000696","GO:BP","regulation of epithelial cell differentiation involved in kidney development",20972,24070,"GO:0030856;GO:0035850"
"query_1",TRUE,0.0362139952208449,101,958,11,0.011482254697286,0.108910891089109,"GO:0071346","GO:BP","cellular response to type II interferon",20972,15462,"GO:0034341;GO:0071345"
"query_1",TRUE,0.0362139952208449,9,958,3,0.00313152400835073,0.333333333333333,"GO:2000826","GO:BP","regulation of heart morphogenesis",20972,24168,"GO:0003007;GO:2000027"
"query_1",TRUE,0.0362139952208449,9,958,3,0.00313152400835073,0.333333333333333,"GO:0031954","GO:BP","positive regulation of protein autophosphorylation",20972,6836,"GO:0001934;GO:0031952;GO:0046777"
"query_1",TRUE,0.0362139952208449,17,958,4,0.00417536534446764,0.235294117647059,"GO:0002921","GO:BP","negative regulation of humoral immune response",20972,1385,"GO:0002920;GO:0006959;GO:0050777"
"query_1",TRUE,0.0362139952208449,17,958,4,0.00417536534446764,0.235294117647059,"GO:0071071","GO:BP","regulation of phospholipid biosynthetic process",20972,15316,"GO:0008654;GO:0046890;GO:1903725"
"query_1",TRUE,0.0362139952208449,9,958,3,0.00313152400835073,0.333333333333333,"GO:0051639","GO:BP","actin filament network formation",20972,12928,"GO:0007015"
"query_1",TRUE,0.0362139952208449,17,958,4,0.00417536534446764,0.235294117647059,"GO:0006878","GO:BP","intracellular copper ion homeostasis",20972,2405,"GO:0030003;GO:0055070"
"query_1",TRUE,0.0362139952208449,17,958,4,0.00417536534446764,0.235294117647059,"GO:0035358","GO:BP","regulation of peroxisome proliferator activated receptor signaling pathway",20972,8419,"GO:0035357;GO:1902531"
"query_1",TRUE,0.0362139952208449,9,958,3,0.00313152400835073,0.333333333333333,"GO:0090649","GO:BP","response to oxygen-glucose deprivation",20972,17172,"GO:0031667;GO:0036293"
"query_1",TRUE,0.0362139952208449,9,958,3,0.00313152400835073,0.333333333333333,"GO:0044597","GO:BP","daunorubicin metabolic process",20972,10352,"GO:0016137;GO:0030638;GO:0042180"
"query_1",TRUE,0.0362139952208449,9,958,3,0.00313152400835073,0.333333333333333,"GO:0035360","GO:BP","positive regulation of peroxisome proliferator activated receptor signaling pathway",20972,8421,"GO:0035357;GO:0035358;GO:1902533"
"query_1",TRUE,0.0362139952208449,9,958,3,0.00313152400835073,0.333333333333333,"GO:0090673","GO:BP","endothelial cell-matrix adhesion",20972,17187,"GO:0007160"
"query_1",TRUE,0.0362139952208449,9,958,3,0.00313152400835073,0.333333333333333,"GO:0110076","GO:BP","negative regulation of ferroptosis",20972,18133,"GO:0043069;GO:0097707;GO:0110075"
"query_1",TRUE,0.0362139952208449,9,958,3,0.00313152400835073,0.333333333333333,"GO:0003266","GO:BP","regulation of secondary heart field cardioblast proliferation",20972,1628,"GO:0003264"
"query_1",TRUE,0.0362968234160558,3523,958,190,0.198329853862213,0.0539313085438547,"GO:0006351","GO:BP","DNA-templated transcription",20972,2020,"GO:0010467;GO:0032774"
"query_1",TRUE,0.0363516438190771,49,958,7,0.00730688935281837,0.142857142857143,"GO:0071526","GO:BP","semaphorin-plexin signaling pathway",20972,15608,"GO:0007166"
"query_1",TRUE,0.0363516438190771,49,958,7,0.00730688935281837,0.142857142857143,"GO:0014037","GO:BP","Schwann cell differentiation",20972,4391,"GO:0007422;GO:0010001"
"query_1",TRUE,0.0364114542283317,254,958,21,0.0219206680584551,0.0826771653543307,"GO:0042593","GO:BP","glucose homeostasis",20972,9599,"GO:0033500"
"query_1",TRUE,0.0364735429192707,175,958,16,0.0167014613778706,0.0914285714285714,"GO:2001242","GO:BP","regulation of intrinsic apoptotic signaling pathway",20972,24483,"GO:0097193;GO:1902531;GO:2001233"
"query_1",TRUE,0.0376403969502769,88,958,10,0.0104384133611691,0.113636363636364,"GO:0007492","GO:BP","endoderm development",20972,2842,"GO:0009888"
"query_1",TRUE,0.0376403969502769,88,958,10,0.0104384133611691,0.113636363636364,"GO:0001938","GO:BP","positive regulation of endothelial cell proliferation",20972,539,"GO:0001935;GO:0001936;GO:0050679"
"query_1",TRUE,0.0378602713865421,93,539,13,0.0241187384044527,0.139784946236559,"KEGG:05222","KEGG","Small cell lung cancer",8716,489,"KEGG:00000"
"query_1",TRUE,0.0378859216248075,321,958,25,0.0260960334029228,0.0778816199376947,"GO:0030217","GO:BP","T cell differentiation",20972,6286,"GO:0030098;GO:0042110"
"query_1",TRUE,0.0380249111912015,27,958,5,0.00521920668058455,0.185185185185185,"GO:0060343","GO:BP","trabecula formation",20972,13563,"GO:0009887;GO:0048646;GO:0061383"
"query_1",TRUE,0.0380249111912015,27,958,5,0.00521920668058455,0.185185185185185,"GO:0033688","GO:BP","regulation of osteoblast proliferation",20972,7793,"GO:0033687;GO:0042127"
"query_1",TRUE,0.0380249111912015,27,958,5,0.00521920668058455,0.185185185185185,"GO:0071624","GO:BP","positive regulation of granulocyte chemotaxis",20972,15663,"GO:0002690;GO:0071621;GO:0071622"
"query_1",TRUE,0.0380602693845622,338,958,26,0.0271398747390397,0.0769230769230769,"GO:0048872","GO:BP","homeostasis of number of cells",20972,12262,"GO:0048871"
"query_1",TRUE,0.038185278997894,73,539,11,0.0204081632653061,0.150684931506849,"KEGG:05140","KEGG","Leishmaniasis",8716,449,"KEGG:00000"
"query_1",TRUE,0.038185278997894,149,539,18,0.0333951762523191,0.120805369127517,"KEGG:04145","KEGG","Phagosome",8716,290,"KEGG:00000"
"query_1",TRUE,0.038185278997894,35,539,7,0.012987012987013,0.2,"KEGG:05330","KEGG","Allograft rejection",8716,502,"KEGG:00000"
"query_1",TRUE,0.0382686080313115,55,644,10,0.015527950310559,0.181818181818182,"REAC:R-HSA-418990","REAC","Adherens junctions interactions",11056,127,"REAC:R-HSA-421270"
"query_1",TRUE,0.0382686080313115,9,644,4,0.0062111801242236,0.444444444444444,"REAC:R-HSA-212718","REAC","EGFR interacts with phospholipase C-gamma",11056,854,"REAC:R-HSA-177929"
"query_1",TRUE,0.0382686080313115,37,644,8,0.0124223602484472,0.216216216216216,"REAC:R-HSA-9772572","REAC","Early SARS-CoV-2 Infection Events",11056,871,"REAC:R-HSA-9694516"
"query_1",TRUE,0.0382686080313115,84,644,13,0.0201863354037267,0.154761904761905,"REAC:R-HSA-216083","REAC","Integrin cell surface interactions",11056,1267,"REAC:R-HSA-1474244"
"query_1",TRUE,0.038639066138166,62,958,8,0.00835073068893528,0.129032258064516,"GO:1902807","GO:BP","negative regulation of cell cycle G1/S phase transition",20972,20977,"GO:0044843;GO:1901988;GO:1902806"
"query_1",TRUE,0.038639066138166,62,958,8,0.00835073068893528,0.129032258064516,"GO:0035315","GO:BP","hair cell differentiation",20972,8386,"GO:0009913;GO:0030182"
"query_1",TRUE,0.0389580395327109,38,958,6,0.00626304801670146,0.157894736842105,"GO:0010662","GO:BP","regulation of striated muscle cell apoptotic process",20972,4120,"GO:0010658;GO:0010660"
"query_1",TRUE,0.0389698559396329,146,958,14,0.0146137787056367,0.0958904109589041,"GO:0030177","GO:BP","positive regulation of Wnt signaling pathway",20972,6262,"GO:0009967;GO:0016055;GO:0030111"
"query_1",TRUE,0.0399343798718747,117,958,12,0.0125260960334029,0.102564102564103,"GO:0007265","GO:BP","Ras protein signal transduction",20972,2657,"GO:0007264"
"query_1",TRUE,0.0399764301003827,15,644,5,0.0077639751552795,0.333333333333333,"REAC:R-HSA-8866910","REAC","TFAP2 (AP-2) family regulates transcription of growth factors and their receptors",11056,2522,"REAC:R-HSA-8864260"
"query_1",TRUE,0.0401676432708463,177,958,16,0.0167014613778706,0.0903954802259887,"GO:0006575","GO:BP","modified amino acid metabolic process",20972,2178,"GO:0008152"
"query_1",TRUE,0.0405838676508458,103,958,11,0.011482254697286,0.106796116504854,"GO:0034308","GO:BP","primary alcohol metabolic process",20972,7989,"GO:0006066"
"query_1",TRUE,0.0405838676508458,103,958,11,0.011482254697286,0.106796116504854,"GO:0032526","GO:BP","response to retinoic acid",20972,7124,"GO:0033993;GO:1901700"
"query_1",TRUE,0.0414612527891931,74,539,11,0.0204081632653061,0.148648648648649,"KEGG:01524","KEGG","Platinum drug resistance",8716,203,"KEGG:00000"
"query_1",TRUE,0.0421980239618309,178,958,16,0.0167014613778706,0.0898876404494382,"GO:0031345","GO:BP","negative regulation of cell projection organization",20972,6680,"GO:0030030;GO:0031344;GO:0051129"
"query_1",TRUE,0.0421980239618309,178,958,16,0.0167014613778706,0.0898876404494382,"GO:0031214","GO:BP","biomineral tissue development",20972,6640,"GO:0009888;GO:0048513"
"query_1",TRUE,0.0422485476113213,63,958,8,0.00835073068893528,0.126984126984127,"GO:0003179","GO:BP","heart valve morphogenesis",20972,1552,"GO:0003170;GO:0009653"
"query_1",TRUE,0.042437251065527,118,958,12,0.0125260960334029,0.101694915254237,"GO:0046683","GO:BP","response to organophosphorus",20972,11476,"GO:0042221"
"query_1",TRUE,0.042437251065527,787,958,51,0.0532359081419624,0.0648030495552732,"GO:0060322","GO:BP","head development",20972,13544,"GO:0048856"
"query_1",TRUE,0.0425291996763253,258,958,21,0.0219206680584551,0.0813953488372093,"GO:0033500","GO:BP","carbohydrate homeostasis",20972,7694,"GO:0048878"
"query_1",TRUE,0.0427245576047183,410,958,30,0.0313152400835073,0.0731707317073171,"GO:0034762","GO:BP","regulation of transmembrane transport",20972,8155,"GO:0050794;GO:0051049;GO:0055085"
"query_1",TRUE,0.0428518014721514,194,958,17,0.0177453027139875,0.0876288659793814,"GO:0045860","GO:BP","positive regulation of protein kinase activity",20972,10899,"GO:0001934;GO:0033674;GO:0045859"
"query_1",TRUE,0.0430923024527254,18,958,4,0.00417536534446764,0.222222222222222,"GO:0003128","GO:BP","heart field specification",20972,1511,"GO:0010092;GO:0060914"
"query_1",TRUE,0.0430923024527254,18,958,4,0.00417536534446764,0.222222222222222,"GO:0042481","GO:BP","regulation of odontogenesis",20972,9559,"GO:0042476;GO:2000027"
"query_1",TRUE,0.0430923024527254,498,958,35,0.0365344467640919,0.070281124497992,"GO:0090066","GO:BP","regulation of anatomical structure size",20972,16800,"GO:0065008"
"query_1",TRUE,0.0430923024527254,18,958,4,0.00417536534446764,0.222222222222222,"GO:0001710","GO:BP","mesodermal cell fate commitment",20972,389,"GO:0048333;GO:0060795"
"query_1",TRUE,0.0430923024527254,18,958,4,0.00417536534446764,0.222222222222222,"GO:0072189","GO:BP","ureter development",20972,16060,"GO:0035295;GO:0048513;GO:0072001"
"query_1",TRUE,0.0430923024527254,18,958,4,0.00417536534446764,0.222222222222222,"GO:0090190","GO:BP","positive regulation of branching involved in ureteric bud morphogenesis",20972,16896,"GO:0001658;GO:0051240;GO:0090189;GO:1905332"
"query_1",TRUE,0.0430923024527254,210,958,18,0.0187891440501044,0.0857142857142857,"GO:0071383","GO:BP","cellular response to steroid hormone stimulus",20972,15499,"GO:0032870;GO:0048545;GO:0071396"
"query_1",TRUE,0.043132119315718,148,958,14,0.0146137787056367,0.0945945945945946,"GO:0010976","GO:BP","positive regulation of neuron projection development",20972,4338,"GO:0010975;GO:0031175;GO:0031346"
"query_1",TRUE,0.0436334729721081,28,958,5,0.00521920668058455,0.178571428571429,"GO:0003209","GO:BP","cardiac atrium morphogenesis",20972,1580,"GO:0003206;GO:0003230"
"query_1",TRUE,0.0436334729721081,28,958,5,0.00521920668058455,0.178571428571429,"GO:0051497","GO:BP","negative regulation of stress fiber assembly",20972,12839,"GO:0032232;GO:0043149;GO:0051492"
"query_1",TRUE,0.0436334729721081,28,958,5,0.00521920668058455,0.178571428571429,"GO:0021854","GO:BP","hypothalamus development",20972,6006,"GO:0021536;GO:0021761;GO:0048856"
"query_1",TRUE,0.0436334729721081,28,958,5,0.00521920668058455,0.178571428571429,"GO:1904036","GO:BP","negative regulation of epithelial cell apoptotic process",20972,21826,"GO:0043066;GO:1904019;GO:1904035"
"query_1",TRUE,0.0440330306348005,51,958,7,0.00730688935281837,0.137254901960784,"GO:0035987","GO:BP","endodermal cell differentiation",20972,8766,"GO:0001706;GO:0030154"
"query_1",TRUE,0.0443768591605869,30,644,7,0.0108695652173913,0.233333333333333,"REAC:R-HSA-8874081","REAC","MET activates PTK2 signaling",11056,1417,"REAC:R-HSA-8875878"
"query_1",TRUE,0.044442714089361,243,958,20,0.0208768267223382,0.0823045267489712,"GO:0002274","GO:BP","myeloid leukocyte activation",20972,779,"GO:0045321"
"query_1",TRUE,0.0446684679758204,119,958,12,0.0125260960334029,0.100840336134454,"GO:0002688","GO:BP","regulation of leukocyte chemotaxis",20972,1160,"GO:0002685;GO:0030595;GO:0050920"
"query_1",TRUE,0.0447518749520208,276,958,22,0.022964509394572,0.0797101449275362,"GO:1903039","GO:BP","positive regulation of leukocyte cell-cell adhesion",20972,21142,"GO:0007159;GO:0022409;GO:1903037"
"query_1",TRUE,0.0449384832226553,75,539,11,0.0204081632653061,0.146666666666667,"KEGG:04115","KEGG","p53 signaling pathway",8716,278,"KEGG:00000"
"query_1",TRUE,0.0458615985719148,105,958,11,0.011482254697286,0.104761904761905,"GO:0008585","GO:BP","female gonad development",20972,3056,"GO:0008406;GO:0046545"
"query_1",TRUE,0.0462761951213324,736,958,48,0.0501043841336117,0.0652173913043478,"GO:0007420","GO:BP","brain development",20972,2779,"GO:0007417;GO:0048513;GO:0060322"
"query_1",TRUE,0.046604225919821,196,958,17,0.0177453027139875,0.086734693877551,"GO:2000241","GO:BP","regulation of reproductive process",20972,23705,"GO:0022414;GO:0050789"
"query_1",TRUE,0.0476124488906701,10,958,3,0.00313152400835073,0.3,"GO:0038007","GO:BP","netrin-activated signaling pathway",20972,9035,"GO:0007166"
"query_1",TRUE,0.0476124488906701,3654,958,195,0.203549060542798,0.0533661740558292,"GO:0051252","GO:BP","regulation of RNA metabolic process",20972,12701,"GO:0016070;GO:0019219;GO:0060255"
"query_1",TRUE,0.0476124488906701,10,958,3,0.00313152400835073,0.3,"GO:0060502","GO:BP","epithelial cell proliferation involved in lung morphogenesis",20972,13696,"GO:0050673;GO:0060425;GO:0060428"
"query_1",TRUE,0.0476124488906701,10,958,3,0.00313152400835073,0.3,"GO:0014745","GO:BP","negative regulation of muscle adaptation",20972,4463,"GO:0043500;GO:0043502;GO:0048585;GO:0051241"
"query_1",TRUE,0.0476124488906701,10,958,3,0.00313152400835073,0.3,"GO:2000425","GO:BP","regulation of apoptotic cell clearance",20972,23860,"GO:0043277;GO:0050764"
"query_1",TRUE,0.0476124488906701,10,958,3,0.00313152400835073,0.3,"GO:0030638","GO:BP","polyketide metabolic process",20972,6421,"GO:0019748"
"query_1",TRUE,0.0476124488906701,10,958,3,0.00313152400835073,0.3,"GO:0048840","GO:BP","otolith development",20972,12231,"GO:0048839;GO:0048856"
"query_1",TRUE,0.0476124488906701,10,958,3,0.00313152400835073,0.3,"GO:0038130","GO:BP","ERBB4 signaling pathway",20972,9092,"GO:0038127"
"query_1",TRUE,0.0476124488906701,10,958,3,0.00313152400835073,0.3,"GO:0061299","GO:BP","retina vasculature morphogenesis in camera-type eye",20972,14307,"GO:0009653;GO:0061298"
"query_1",TRUE,0.0476124488906701,10,958,3,0.00313152400835073,0.3,"GO:0055015","GO:BP","ventricular cardiac muscle cell development",20972,13229,"GO:0055012;GO:0055013"
"query_1",TRUE,0.0476124488906701,10,958,3,0.00313152400835073,0.3,"GO:0060513","GO:BP","prostatic bud formation",20972,13703,"GO:0016331;GO:0048645;GO:0060572;GO:0060601;GO:0060740"
"query_1",TRUE,0.0476124488906701,10,958,3,0.00313152400835073,0.3,"GO:0003263","GO:BP","cardioblast proliferation",20972,1625,"GO:0060914;GO:0061323"
"query_1",TRUE,0.0476124488906701,10,958,3,0.00313152400835073,0.3,"GO:0003264","GO:BP","regulation of cardioblast proliferation",20972,1626,"GO:0003263;GO:2000136"
"query_1",TRUE,0.0476124488906701,10,958,3,0.00313152400835073,0.3,"GO:0071389","GO:BP","cellular response to mineralocorticoid stimulus",20972,15505,"GO:0051385;GO:0071384"
"query_1",TRUE,0.0476124488906701,10,958,3,0.00313152400835073,0.3,"GO:0098917","GO:BP","retrograde trans-synaptic signaling",20972,17710,"GO:0099537"
"query_1",TRUE,0.0476124488906701,181,958,16,0.0167014613778706,0.0883977900552486,"GO:0035725","GO:BP","sodium ion transmembrane transport",20972,8604,"GO:0006814;GO:0098655"
"query_1",TRUE,0.0476124488906701,10,958,3,0.00313152400835073,0.3,"GO:0090042","GO:BP","tubulin deacetylation",20972,16781,"GO:0006476"
"query_1",TRUE,0.0476124488906701,10,958,3,0.00313152400835073,0.3,"GO:0071635","GO:BP","negative regulation of transforming growth factor beta production",20972,15671,"GO:0001818;GO:0071604;GO:0071634"
"query_1",TRUE,0.0476124488906701,10,958,3,0.00313152400835073,0.3,"GO:0003253","GO:BP","cardiac neural crest cell migration involved in outflow tract morphogenesis",20972,1618,"GO:0001755;GO:0060973;GO:0061309"
"query_1",TRUE,0.0476124488906701,10,958,3,0.00313152400835073,0.3,"GO:0044598","GO:BP","doxorubicin metabolic process",20972,10353,"GO:0016137;GO:0030638;GO:0034308;GO:0042180;GO:1902644"
"query_1",TRUE,0.0479420814039052,52,958,7,0.00730688935281837,0.134615384615385,"GO:0048146","GO:BP","positive regulation of fibroblast proliferation",20972,11702,"GO:0008284;GO:0048144;GO:0048145"
"query_1",TRUE,0.0479420814039052,52,958,7,0.00730688935281837,0.134615384615385,"GO:0097300","GO:BP","programmed necrotic cell death",20972,17362,"GO:0012501"
"query_1",TRUE,0.0480654394719499,40,958,6,0.00626304801670146,0.15,"GO:0044319","GO:BP","wound healing, spreading of cells",20972,10252,"GO:0016477;GO:0090505"
"query_1",TRUE,0.0480654394719499,40,958,6,0.00626304801670146,0.15,"GO:0009268","GO:BP","response to pH",20972,3277,"GO:0009628"
"query_1",TRUE,0.0480654394719499,40,958,6,0.00626304801670146,0.15,"GO:0046164","GO:BP","alcohol catabolic process",20972,11146,"GO:0006066;GO:0044282"
"query_1",TRUE,0.0480654394719499,40,958,6,0.00626304801670146,0.15,"GO:0090505","GO:BP","epiboly involved in wound healing",20972,17109,"GO:0042060;GO:0090504"
"query_1",TRUE,0.048103259249239,106,958,11,0.011482254697286,0.10377358490566,"GO:0090100","GO:BP","positive regulation of transmembrane receptor protein serine/threonine kinase signaling pathway",20972,16825,"GO:0007178;GO:0009967;GO:0090092"
"query_1",TRUE,0.0483286252609591,363,958,27,0.0281837160751566,0.0743801652892562,"GO:0002696","GO:BP","positive regulation of leukocyte activation",20972,1168,"GO:0002684;GO:0002694;GO:0045321;GO:0050867"
"query_1",TRUE,0.0483383618758838,40,644,8,0.0124223602484472,0.2,"REAC:R-HSA-9734767","REAC","Developmental Cell Lineages",11056,765,"REAC:R-HSA-1266738"
"query_1",TRUE,0.0483383618758838,31,644,7,0.0108695652173913,0.225806451612903,"REAC:R-HSA-2022928","REAC","HS-GAG biosynthesis",11056,1156,"REAC:R-HSA-1638091"
"query_1",TRUE,0.0483383618758838,23,644,6,0.0093167701863354,0.260869565217391,"REAC:R-HSA-9634638","REAC","Estrogen-dependent nuclear events downstream of ESR-membrane signaling",11056,907,"REAC:R-HSA-9009391"
"query_1",TRUE,0.0483383618758838,16,644,5,0.0077639751552795,0.3125,"REAC:R-HSA-9825892","REAC","Regulation of MITF-M-dependent genes involved in cell cycle and proliferation",11056,2068,"REAC:R-HSA-9856651"
"query_1",TRUE,0.0483383618758838,40,644,8,0.0124223602484472,0.2,"REAC:R-HSA-8875878","REAC","MET promotes cell motility",11056,1423,"REAC:R-HSA-6806834"
"query_1",TRUE,0.0483383618758838,40,644,8,0.0124223602484472,0.2,"REAC:R-HSA-9725554","REAC","Differentiation of Keratinocytes in Interfollicular Epidermis in Mammalian Skin",11056,776,"REAC:R-HSA-9734779"
"query_1",TRUE,0.0483383618758838,5,644,3,0.0046583850931677,0.6,"REAC:R-HSA-8935964","REAC","RUNX1 regulates expression of components of tight junctions",11056,1991,"REAC:R-HSA-8878171"
"query_1",TRUE,0.0483383618758838,5,644,3,0.0046583850931677,0.6,"REAC:R-HSA-9018679","REAC","Biosynthesis of EPA-derived SPMs",11056,251,"REAC:R-HSA-9018678"
"query_1",TRUE,0.0483383618758838,40,644,8,0.0124223602484472,0.2,"REAC:R-HSA-9734779","REAC","Developmental Cell Lineages of the Integumentary System",11056,767,"REAC:R-HSA-9734767"
"query_1",TRUE,0.0483383618758838,88,644,13,0.0201863354037267,0.147727272727273,"REAC:R-HSA-9013404","REAC","RAC2 GTPase cycle",11056,1910,"REAC:R-HSA-9012999"
"query_1",TRUE,0.0484968593028565,92,958,10,0.0104384133611691,0.108695652173913,"GO:0032602","GO:BP","chemokine production",20972,7154,"GO:0001816"
"query_1",TRUE,0.0484968593028565,92,958,10,0.0104384133611691,0.108695652173913,"GO:0032642","GO:BP","regulation of chemokine production",20972,7193,"GO:0001817;GO:0032602"
"query_1",TRUE,0.0484968593028565,92,958,10,0.0104384133611691,0.108695652173913,"GO:0050730","GO:BP","regulation of peptidyl-tyrosine phosphorylation",20972,12370,"GO:0001932;GO:0018108"
"query_1",TRUE,0.0484968593028565,92,958,10,0.0104384133611691,0.108695652173913,"GO:0042100","GO:BP","B cell proliferation",20972,9327,"GO:0042113;GO:0046651"
"query_1",TRUE,0.0487509906602662,65,958,8,0.00835073068893528,0.123076923076923,"GO:0008333","GO:BP","endosome to lysosome transport",20972,3024,"GO:0007041;GO:0016192"
"query_1",TRUE,0.0487509906602662,65,958,8,0.00835073068893528,0.123076923076923,"GO:0042446","GO:BP","hormone biosynthetic process",20972,9533,"GO:0009058;GO:0042445"
"query_1",TRUE,0.0491910103391756,29,958,5,0.00521920668058455,0.172413793103448,"GO:0060055","GO:BP","angiogenesis involved in wound healing",20972,13337,"GO:0001525;GO:0042060"
"query_1",TRUE,0.0491910103391756,29,958,5,0.00521920668058455,0.172413793103448,"GO:0002052","GO:BP","positive regulation of neuroblast proliferation",20972,632,"GO:0007405;GO:0050769;GO:1902692;GO:2000179"
"query_1",TRUE,0.0491910103391756,29,958,5,0.00521920668058455,0.172413793103448,"GO:0044342","GO:BP","type B pancreatic cell proliferation",20972,10260,"GO:0050673"
"query_1",TRUE,0.0494216569939054,182,958,16,0.0167014613778706,0.0879120879120879,"GO:0008217","GO:BP","regulation of blood pressure",20972,3004,"GO:0008015;GO:0065008"
"query_1",TRUE,0.0496200164041367,364,958,27,0.0281837160751566,0.0741758241758242,"GO:0010506","GO:BP","regulation of autophagy",20972,3996,"GO:0006914;GO:0009894"